2021-05-08,海底捞市值56天跌2000亿,杭州野生动物世界主要负责人已被控制,男子走路看手机坠桥溺亡,比特犬,42岁李晨演17岁中学生,味全每日Cxemoji联名,乃万网易云,11岁男孩面部烧伤戴奥特曼面具卖樱桃,如何看待妈妈带男童进女厕,严厉打击炒作劣迹艺人行为,上海警方通报男子持刀杀一人,GAI私信女方发文,INTO1 快乐大本营延期,张艺谋说谋女郎不能是整容脸,老外眼里的真香国货,小区监控拍到1只出逃金钱豹,吴亦凡骑车上班,母亲节鲜花预订量首次反超情人节,王斯然,上海老洋房标价上亿元,赵薇 居然有人来祝我生日快乐,我是女演员阵容,教体局通报教师掌掴辱骂学生,论文研究情趣内衣被嘲不务正业,禁忌女孩,辽宁男篮83分大胜澳门男篮,喻言脏辫造型,杭州野生动物世界道歉,杭州野生动物园三只出逃金钱豹追回一只,小米成立私募公司,吴倩黑白俏皮套装,母亲节礼物,每个月适合旅游的地方有哪些,厦门冰雹,美国驻华使馆道歉,北京天空现七彩祥云,肿瘤治疗乱象事件患者女儿发声,全网最全心疼哥哥版本,印度男子在港确诊后隐瞒行程,宋亚轩白衣古风造型,大量特警加入搜寻杭州外逃金钱豹,假如你遇到了从动物园出逃的豹子,悬崖之上,我妈的花式洁癖,央视梳理杭州野生动物世界金钱豹外逃事件,最近一次的怦然心动,野山笋鲜肉圆,中上阶层家庭加速逃离印度,湖人怎么了,广州地铁通报安检员泄露乘客隐私,

2021-05-08,海底捞市值56天跌2000亿,杭州野生动物世界主要负责人已被控制,男子走路看手机坠桥溺亡,比特犬,42岁李晨演17岁中学生,怎么玩才对,乃万网易云,11岁男孩面部烧伤戴奥特曼面具卖樱桃,如何看待妈妈带男童进女厕,严厉打击炒作劣迹艺人行为,上海警方通报男子持刀杀一人,GAI私信女方发文,INTO1 快乐大本营延期,张艺谋说谋女郎不能是整容脸,老外眼里的真香国货,小区监控拍到1只出逃金钱豹,吴亦凡骑车上班,母亲节鲜花预订量首次反超情人节,王斯然,上海老洋房标价上亿元,赵薇 居然有人来祝我生日快乐,我是女演员阵容,教体局通报教师掌掴辱骂学生,论文研究情趣内衣被嘲不务正业,禁忌女孩,辽宁男篮83分大胜澳门男篮,喻言脏辫造型,杭州野生动物世界道歉,杭州野生动物园三只出逃金钱豹追回一只,小米成立私募公司,吴倩黑白俏皮套装,母亲节礼物,每个月适合旅游的地方有哪些,厦门冰雹,美国驻华使馆道歉,北京天空现七彩祥云,肿瘤治疗乱象事件患者女儿发声,全网最全心疼哥哥版本,印度男子在港确诊后隐瞒行程,宋亚轩白衣古风造型,大量特警加入搜寻杭州外逃金钱豹,假如你遇到了从动物园出逃的豹子,悬崖之上,我妈的花式洁癖,央视梳理杭州野生动物世界金钱豹外逃事件,最近一次的怦然心动,野山笋鲜肉圆,中上阶层家庭加速逃离印度,湖人怎么了,广州地铁通报安检员泄露乘客隐私,

2021-05-08,海底捞市值56天跌2000亿,杭州野生动物世界主要负责人已被控制,张艺兴向往的不二之选,乃万网易云,比特犬,男子走路看手机坠桥溺亡,42岁李晨演17岁中学生,11岁男孩面部烧伤戴奥特曼面具卖樱桃,如何看待妈妈带男童进女厕,严厉打击炒作劣迹艺人行为,上海警方通报男子持刀杀一人,GAI私信女方发文,INTO1 快乐大本营延期,张艺谋说谋女郎不能是整容脸,老外眼里的真香国货,小区监控拍到1只出逃金钱豹,赵薇 居然有人来祝我生日快乐,吴亦凡骑车上班,母亲节鲜花预订量首次反超情人节,上海老洋房标价上亿元,王斯然,教体局通报教师掌掴辱骂学生,我是女演员阵容,论文研究情趣内衣被嘲不务正业,禁忌女孩,杭州野生动物世界道歉,辽宁男篮83分大胜澳门男篮,杭州野生动物园三只出逃金钱豹追回一只,喻言脏辫造型,小米成立私募公司,母亲节礼物,厦门冰雹,吴倩黑白俏皮套装,北京天空现七彩祥云,美国驻华使馆道歉,肿瘤治疗乱象事件患者女儿发声,每个月适合旅游的地方有哪些,印度男子在港确诊后隐瞒行程,全网最全心疼哥哥版本,宋亚轩白衣古风造型,大量特警加入搜寻杭州外逃金钱豹,央视梳理杭州野生动物世界金钱豹外逃事件,我妈的花式洁癖,最近一次的怦然心动,野山笋鲜肉圆,假如你遇到了从动物园出逃的豹子,悬崖之上,中上阶层家庭加速逃离印度,湖人怎么了,广州地铁通报安检员泄露乘客隐私,

2021-05-08,乃万网易云,杭州野生动物世界主要负责人已被控制,海底捞市值56天跌2000亿,比特犬,男子走路看手机坠桥溺亡,42岁李晨演17岁中学生,11岁男孩面部烧伤戴奥特曼面具卖樱桃,严厉打击炒作劣迹艺人行为,如何看待妈妈带男童进女厕,上海警方通报男子持刀杀一人,GAI私信女方发文,INTO1 快乐大本营延期,张艺谋说谋女郎不能是整容脸,老外眼里的真香国货,小区监控拍到1只出逃金钱豹,赵薇 居然有人来祝我生日快乐,吴亦凡骑车上班,母亲节鲜花预订量首次反超情人节,上海老洋房标价上亿元,王斯然,教体局通报教师掌掴辱骂学生,杭州野生动物世界道歉,论文研究情趣内衣被嘲不务正业,我是女演员阵容,禁忌女孩,杭州野生动物园三只出逃金钱豹追回一只,辽宁男篮83分大胜澳门男篮,母亲节礼物,小米成立私募公司,厦门冰雹,喻言脏辫造型,吴倩黑白俏皮套装,肿瘤治疗乱象事件患者女儿发声,美国驻华使馆道歉,北京天空现七彩祥云,每个月适合旅游的地方有哪些,印度男子在港确诊后隐瞒行程,全网最全心疼哥哥版本,大量特警加入搜寻杭州外逃金钱豹,宋亚轩白衣古风造型,央视梳理杭州野生动物世界金钱豹外逃事件,假如你遇到了从动物园出逃的豹子,我妈的花式洁癖,最近一次的怦然心动,悬崖之上,中上阶层家庭加速逃离印度,杭州野生动物世界第二只外逃豹子找到,广州地铁通报安检员泄露乘客隐私,湖人怎么了,杭州野生动物园,

2021-05-08,乃万网易云,杭州野生动物世界主要负责人已被控制,张艺兴向往的不二之选,海底捞市值56天跌2000亿,比特犬,男子走路看手机坠桥溺亡,42岁李晨演17岁中学生,11岁男孩面部烧伤戴奥特曼面具卖樱桃,严厉打击炒作劣迹艺人行为,如何看待妈妈带男童进女厕,上海警方通报男子持刀杀一人,GAI私信女方发文,INTO1 快乐大本营延期,张艺谋说谋女郎不能是整容脸,老外眼里的真香国货,小区监控拍到1只出逃金钱豹,赵薇 居然有人来祝我生日快乐,吴亦凡骑车上班,母亲节鲜花预订量首次反超情人节,上海老洋房标价上亿元,王斯然,教体局通报教师掌掴辱骂学生,杭州野生动物世界道歉,论文研究情趣内衣被嘲不务正业,我是女演员阵容,禁忌女孩,杭州野生动物园三只出逃金钱豹追回一只,辽宁男篮83分大胜澳门男篮,母亲节礼物,小米成立私募公司,厦门冰雹,喻言脏辫造型,肿瘤治疗乱象事件患者女儿发声,吴倩黑白俏皮套装,美国驻华使馆道歉,北京天空现七彩祥云,印度男子在港确诊后隐瞒行程,每个月适合旅游的地方有哪些,全网最全心疼哥哥版本,大量特警加入搜寻杭州外逃金钱豹,宋亚轩白衣古风造型,最近一次的怦然心动,央视梳理杭州野生动物世界金钱豹外逃事件,假如你遇到了从动物园出逃的豹子,我妈的花式洁癖,悬崖之上,中上阶层家庭加速逃离印度,杭州野生动物世界第二只外逃豹子找到,广州地铁通报安检员泄露乘客隐私,湖人怎么了,

