2021-05-09,乃万,俄罗斯卫国战争胜利76周年阅兵,青春有你取消决赛,陶昕然,三亚跳舞坠楼女子遗体已火化,夏日专享补贴第一波,贾玲 关于这部电影都在酒里了,戴了口罩也需全脸涂防晒,第七次全国人口普查主要数据即将公布,地铁里的汉服小妹妹,粉丝把范丞丞爸爸认成范丞丞,奚梦瑶怀二胎,没想到母亲节也社死,约70%卵巢癌患者发现就是晚期,小S曾因为是女孩被嫌弃,母亲节快乐,吴尊异地为老婆和妈妈过母亲节,shib,山东专升本,台南号召小便不冲水,徐冬冬曾被男友家暴,和学霸男友恋爱是什么体验,心疼连淮伟,女孩买花给开公交的妈妈送惊喜,孙怡母女姐妹花写真,迪丽热巴蒲公英大片,陈伟霆晒和妈妈哥哥合照,高三老师给全班发哆啦A梦解压,狗狗币,INTO1怼脸杀大片,上班第一天直接跑了,男人的底线有多奇怪,中国母亲对孩子说的话几百年没变,欧盟决定暂缓豁免疫苗知识产权,91岁痴呆妈妈收到洋娃娃笑成花,妈妈偶尔爱我一下就可以,印度民众喝河水对抗新冠,我国平均分娩镇痛普及率仅约30%,妈妈画上老年妆出席班会孩子落泪,骊歌行,吴亦凡体育精神,当代年轻家长一览,被妈妈偏爱的小孩有多幸福,母亲节鲜花快递量超过情人节,46斤百年巨鳖上岸被捉,车辆坠河母亲托举救子,全国人口普查主要数据有哪些,暴雪,库里11记三分,男生体验分娩痛苦致敬妈妈,

2021-05-09,乃万,俄罗斯卫国战争胜利76周年阅兵,母亲节妈妈的解忧馆,青春有你取消决赛,陶昕然,一起夸夸新国货,三亚跳舞坠楼女子遗体已火化,贾玲 关于这部电影都在酒里了,戴了口罩也需全脸涂防晒,第七次全国人口普查主要数据即将公布,地铁里的汉服小妹妹,粉丝把范丞丞爸爸认成范丞丞,奚梦瑶怀二胎,没想到母亲节也社死,约70%卵巢癌患者发现就是晚期,小S曾因为是女孩被嫌弃,母亲节快乐,吴尊异地为老婆和妈妈过母亲节,shib,山东专升本,台南号召小便不冲水,徐冬冬曾被男友家暴,和学霸男友恋爱是什么体验,心疼连淮伟,女孩买花给开公交的妈妈送惊喜,孙怡母女姐妹花写真,迪丽热巴蒲公英大片,陈伟霆晒和妈妈哥哥合照,高三老师给全班发哆啦A梦解压,狗狗币,INTO1怼脸杀大片,上班第一天直接跑了,男人的底线有多奇怪,中国母亲对孩子说的话几百年没变,欧盟决定暂缓豁免疫苗知识产权,91岁痴呆妈妈收到洋娃娃笑成花,妈妈偶尔爱我一下就可以,印度民众喝河水对抗新冠,我国平均分娩镇痛普及率仅约30%,妈妈画上老年妆出席班会孩子落泪,骊歌行,吴亦凡体育精神,当代年轻家长一览,被妈妈偏爱的小孩有多幸福,母亲节鲜花快递量超过情人节,46斤百年巨鳖上岸被捉,车辆坠河母亲托举救子,全国人口普查主要数据有哪些,暴雪,库里11记三分,

2021-05-09,三亚跳舞坠楼女子遗体已火化,俄罗斯卫国战争胜利76周年阅兵,贾玲 关于这部电影都在酒里了,乃万,陶昕然,春季赛最强姜子牙,戴了口罩也需全脸涂防晒,地铁里的汉服小妹妹,中国母亲对孩子说的话几百年没变,没想到母亲节也社死,粉丝把范丞丞爸爸认成范丞丞,奚梦瑶怀二胎,我国平均分娩镇痛普及率仅约30%,第七次全国人口普查主要数据即将公布,母亲节快乐,小S曾因为是女孩被嫌弃,吴尊异地为老婆和妈妈过母亲节,shib,山东专升本,心疼连淮伟,台南号召小便不冲水,青春有你取消决赛,陈伟霆晒和妈妈哥哥合照,女孩买花给开公交的妈妈送惊喜,徐冬冬曾被男友家暴,和学霸男友恋爱是什么体验,INTO1怼脸杀大片,高三老师给全班发哆啦A梦解压,狗狗币,孙怡母女姐妹花写真,上班第一天直接跑了,男人的底线有多奇怪,妈妈画上老年妆出席班会孩子落泪,欧盟决定暂缓豁免疫苗知识产权,吴亦凡体育精神,91岁痴呆妈妈收到洋娃娃笑成花,妈妈偶尔爱我一下就可以,印度民众喝河水对抗新冠,约70%卵巢癌患者发现就是晚期,46斤百年巨鳖上岸被捉,宋轶 暗夜行者,母亲节鲜花快递量超过情人节,印度男子瞒报行程致香港多人感染,四点半妈妈,当代年轻家长一览,车辆坠河母亲托举救子,暴雪,外贸企业再现缺舱缺箱,被妈妈偏爱的小孩有多幸福,骊歌行,

2021-05-09,三亚跳舞坠楼女子遗体已火化,俄罗斯卫国战争胜利76周年阅兵,母亲节妈妈的解忧馆,贾玲 关于这部电影都在酒里了,乃万,一起夸夸新国货,陶昕然,戴了口罩也需全脸涂防晒,地铁里的汉服小妹妹,中国母亲对孩子说的话几百年没变,我国平均分娩镇痛普及率仅约30%,粉丝把范丞丞爸爸认成范丞丞,奚梦瑶怀二胎,没想到母亲节也社死,第七次全国人口普查主要数据即将公布,母亲节快乐,小S曾因为是女孩被嫌弃,吴尊异地为老婆和妈妈过母亲节,shib,山东专升本,心疼连淮伟,台南号召小便不冲水,陈伟霆晒和妈妈哥哥合照,青春有你取消决赛,女孩买花给开公交的妈妈送惊喜,徐冬冬曾被男友家暴,孙怡母女姐妹花写真,和学霸男友恋爱是什么体验,高三老师给全班发哆啦A梦解压,狗狗币,INTO1怼脸杀大片,上班第一天直接跑了,男人的底线有多奇怪,妈妈画上老年妆出席班会孩子落泪,欧盟决定暂缓豁免疫苗知识产权,吴亦凡体育精神,91岁痴呆妈妈收到洋娃娃笑成花,妈妈偶尔爱我一下就可以,印度民众喝河水对抗新冠,约70%卵巢癌患者发现就是晚期,母亲节鲜花快递量超过情人节,宋轶 暗夜行者,印度男子瞒报行程致香港多人感染,四点半妈妈,46斤百年巨鳖上岸被捉,外贸企业再现缺舱缺箱,车辆坠河母亲托举救子,暴雪,被妈妈偏爱的小孩有多幸福,骊歌行,

2021-05-09,三亚跳舞坠楼女子遗体已火化,俄罗斯卫国战争胜利76周年阅兵,母亲节妈妈的解忧馆,贾玲 关于这部电影都在酒里了,乃万,一起夸夸新国货,陶昕然,戴了口罩也需全脸涂防晒,我国平均分娩镇痛普及率仅约30%,中国母亲对孩子说的话几百年没变,地铁里的汉服小妹妹,心疼连淮伟,奚梦瑶怀二胎,粉丝把范丞丞爸爸认成范丞丞,第七次全国人口普查主要数据即将公布,没想到母亲节也社死,母亲节快乐,吴尊异地为老婆和妈妈过母亲节,shib,外贸企业再现缺舱缺箱,台南号召小便不冲水,陈伟霆晒和妈妈哥哥合照,四点半妈妈,徐冬冬曾被男友家暴,印度男子瞒报行程致香港多人感染,宋轶 暗夜行者,小S曾因为是女孩被嫌弃,INTO1怼脸杀大片,山东专升本,狗狗币,和学霸男友恋爱是什么体验,上班第一天直接跑了,母亲节鲜花快递量超过情人节,女孩买花给开公交的妈妈送惊喜,欧盟决定暂缓豁免疫苗知识产权,男人的底线有多奇怪,91岁痴呆妈妈收到洋娃娃笑成花,妈妈画上老年妆出席班会孩子落泪,妈妈偶尔爱我一下就可以,印度民众喝河水对抗新冠,46斤百年巨鳖上岸被捉,被妈妈偏爱的小孩有多幸福,张小斐的妈妈叫王桂香,暴雪,当代年轻家长一览,车辆坠河母亲托举救子,高三老师给全班发哆啦A梦解压,约70%卵巢癌患者发现就是晚期,骊歌行,青春有你取消决赛,

2021-05-09,三亚跳舞坠楼女子遗体已火化,俄罗斯卫国战争胜利76周年阅兵,贾玲 关于这部电影都在酒里了,乃万,陶昕然,许晴 这谁扛得住,我国平均分娩镇痛普及率仅约30%,戴了口罩也需全脸涂防晒,中国母亲对孩子说的话几百年没变,印度男子瞒报行程致香港多人感染,心疼连淮伟,奚梦瑶怀二胎,张小斐的妈妈叫王桂香,第七次全国人口普查主要数据即将公布,地铁里的汉服小妹妹,粉丝把范丞丞爸爸认成范丞丞,吴尊异地为老婆和妈妈过母亲节,外贸企业再现缺舱缺箱,shib,台南号召小便不冲水,四点半妈妈,陈伟霆晒和妈妈哥哥合照,徐冬冬曾被男友家暴,没想到母亲节也社死,宋轶 暗夜行者,母亲节快乐,小S曾因为是女孩被嫌弃,山东专升本,狗狗币,INTO1怼脸杀大片,母亲节鲜花快递量超过情人节,和学霸男友恋爱是什么体验,女孩买花给开公交的妈妈送惊喜,欧盟决定暂缓豁免疫苗知识产权,上班第一天直接跑了,男人的底线有多奇怪,井汲大翔签售会,91岁痴呆妈妈收到洋娃娃笑成花,妈妈画上老年妆出席班会孩子落泪,妈妈偶尔爱我一下就可以,46斤百年巨鳖上岸被捉,悬崖之上,上海等级考,印度民众喝河水对抗新冠,中国海军与印尼海军举行联合演练,车辆坠河母亲托举救子,约70%卵巢癌患者发现就是晚期,当代年轻家长一览,被妈妈偏爱的小孩有多幸福,暴雪,

2021-05-09,张小斐的妈妈叫王桂香,四点半妈妈,人类幼崽的母亲节礼物,三亚跳舞坠楼女子遗体已火化,乃万,妈妈不只是妈妈,陶昕然,印度男子瞒报行程致香港多人感染,第二只外逃豹子后掌疑断裂缺失,俄罗斯卫国战争胜利76周年阅兵,特斯拉今年已提价6次,心疼连淮伟,奚梦瑶怀二胎,Amu喜内优心在利路修面前的表情,中国母亲对孩子说的话几百年没变,我国平均分娩镇痛普及率仅约30%,贾玲 关于这部电影都在酒里了,鹿晗直播生图,中国海军与印尼海军举行联合演练,外贸企业再现缺舱缺箱,台南号召小便不冲水,吴尊异地为老婆和妈妈过母亲节,戴了口罩也需全脸涂防晒,粉丝把范丞丞爸爸认成范丞丞,女孩买花给开公交的妈妈送惊喜,宋轶 暗夜行者,徐冬冬曾被男友家暴,上海等级考,shib,第七次全国人口普查主要数据即将公布,井汲大翔签售会,母亲节快乐,地铁里的汉服小妹妹,母亲节鲜花快递量超过情人节,欧盟决定暂缓豁免疫苗知识产权,没想到母亲节也社死,悬崖之上,上班第一天直接跑了,和学霸男友恋爱是什么体验,男人的底线有多奇怪,91岁痴呆妈妈收到洋娃娃笑成花,妈妈画上老年妆出席班会孩子落泪,46斤百年巨鳖上岸被捉,妈妈偶尔爱我一下就可以,妈见打留言本,当代年轻家长一览,狗狗币,车辆坠河母亲托举救子,高三老师暂停讲课让学生去看晚霞,印度民众喝河水对抗新冠,

2021-05-09,张小斐的妈妈叫王桂香,四点半妈妈,三亚跳舞坠楼女子遗体已火化,乃万,陶昕然,许晴 这谁扛得住,第二只外逃豹子后掌疑断裂缺失,印度男子瞒报行程致香港多人感染,俄罗斯卫国战争胜利76周年阅兵,特斯拉今年已提价6次,心疼连淮伟,奚梦瑶怀二胎,Amu喜内优心在利路修面前的表情,中国母亲对孩子说的话几百年没变,我国平均分娩镇痛普及率仅约30%,贾玲 关于这部电影都在酒里了,鹿晗直播生图,台南号召小便不冲水,中国海军与印尼海军举行联合演练,戴了口罩也需全脸涂防晒,吴尊异地为老婆和妈妈过母亲节,上海等级考,女孩买花给开公交的妈妈送惊喜,外贸企业再现缺舱缺箱,粉丝把范丞丞爸爸认成范丞丞,宋轶 暗夜行者,徐冬冬曾被男友家暴,shib,第七次全国人口普查主要数据即将公布,母亲节快乐,地铁里的汉服小妹妹,没想到母亲节也社死,母亲节鲜花快递量超过情人节,欧盟决定暂缓豁免疫苗知识产权,悬崖之上,上班第一天直接跑了,和学霸男友恋爱是什么体验,男人的底线有多奇怪,井汲大翔签售会,91岁痴呆妈妈收到洋娃娃笑成花,妈见打留言本,Capper道歉,46斤百年巨鳖上岸被捉,妈妈画上老年妆出席班会孩子落泪,高三老师暂停讲课让学生去看晚霞,妈妈偶尔爱我一下就可以,狗狗币,当代年轻家长一览,车辆坠河母亲托举救子,印度民众喝河水对抗新冠,

2021-05-09,张小斐的妈妈叫王桂香,四点半妈妈,一万个理由爱小白管,三亚跳舞坠楼女子遗体已火化,乃万,每条皱纹 都是勋章,陶昕然,第二只外逃豹子后掌疑断裂缺失,印度男子瞒报行程致香港多人感染,俄罗斯卫国战争胜利76周年阅兵,特斯拉今年已提价6次,心疼连淮伟,奚梦瑶怀二胎,Amu喜内优心在利路修面前的表情,中国母亲对孩子说的话几百年没变,我国平均分娩镇痛普及率仅约30%,贾玲 关于这部电影都在酒里了,鹿晗直播生图,中国海军与印尼海军举行联合演练,外贸企业再现缺舱缺箱,台南号召小便不冲水,吴尊异地为老婆和妈妈过母亲节,粉丝把范丞丞爸爸认成范丞丞,戴了口罩也需全脸涂防晒,女孩买花给开公交的妈妈送惊喜,宋轶 暗夜行者,徐冬冬曾被男友家暴,上海等级考,shib,第七次全国人口普查主要数据即将公布,母亲节快乐,地铁里的汉服小妹妹,没想到母亲节也社死,母亲节鲜花快递量超过情人节,欧盟决定暂缓豁免疫苗知识产权,悬崖之上,上班第一天直接跑了,和学霸男友恋爱是什么体验,男人的底线有多奇怪,91岁痴呆妈妈收到洋娃娃笑成花,妈见打留言本,46斤百年巨鳖上岸被捉,妈妈偶尔爱我一下就可以,Capper道歉,妈妈画上老年妆出席班会孩子落泪,狗狗币,当代年轻家长一览,高三老师暂停讲课让学生去看晚霞,井汲大翔签售会,车辆坠河母亲托举救子,

2021-05-09,张小斐的妈妈叫王桂香,四点半妈妈,第二只外逃豹子后掌疑断裂缺失,乃万,陶昕然,许晴 这谁扛得住,三亚跳舞坠楼女子遗体已火化,特斯拉今年已提价6次,俄罗斯卫国战争胜利76周年阅兵,印度男子瞒报行程致香港多人感染,心疼连淮伟,奚梦瑶怀二胎,Capper道歉,中国母亲对孩子说的话几百年没变,我国平均分娩镇痛普及率仅约30%,Amu喜内优心在利路修面前的表情,鹿晗直播生图,中国海军与印尼海军举行联合演练,上海等级考,台南号召小便不冲水,贾玲 关于这部电影都在酒里了,粉丝把范丞丞爸爸认成范丞丞,高三老师暂停讲课让学生去看晚霞,女孩买花给开公交的妈妈送惊喜,吴尊异地为老婆和妈妈过母亲节,宋轶 暗夜行者,外贸企业再现缺舱缺箱,shib,第七次全国人口普查主要数据即将公布,徐冬冬曾被男友家暴,母亲节快乐,戴了口罩也需全脸涂防晒,没想到母亲节也社死,欧盟决定暂缓豁免疫苗知识产权,地铁里的汉服小妹妹,悬崖之上,上班第一天直接跑了,妈见打留言本,母亲节鲜花快递量超过情人节,和学霸男友恋爱是什么体验,男人的底线有多奇怪,91岁痴呆妈妈收到洋娃娃笑成花,天天兄弟合唱萱草花,46斤百年巨鳖上岸被捉,西藏侦察兵30米外打中摇晃瓶盖,妈妈画上老年妆出席班会孩子落泪,妈妈偶尔爱我一下就可以,车辆坠河母亲托举救子,狗狗币,当代年轻家长一览,

2021-05-09,Capper道歉,女教师实名举报校长猥亵宣判,有种热叫妈妈不热,张小斐的妈妈叫王桂香,乃万,妈妈不只是妈妈,张文宏谈印度疫情对中国防控影响,金钱豹出逃一周园方被质疑瞒报,三星耳机疑似引发耳部炎症,第二只外逃豹子后掌疑断裂缺失,李易峰帮小演员挽头发,李佳航 维护女性权益我也拥护,三亚跳舞坠楼女子遗体已火化,母亲节快乐,等了三十年的母子团圆,特斯拉今年已提价6次,印度男子瞒报行程致香港多人感染,红孩儿扮演者如今是中科院博士,赵奕欢翻拍妈妈年轻时旧照,狗狗币6个月上涨近250倍,阚清子就算想赢又怎样,周深 重庆,高三老师暂停讲课让学生去看晚霞,庆怜晒童年照,台南号召小便不冲水,奚梦瑶怀二胎,成年人为什么愿意相信奥特曼,俄罗斯卫国战争胜利76周年阅兵,西藏侦察兵30米外打中摇晃瓶盖,中国海军与印尼海军举行联合演练,如何看待年轻人网购式尽孝,为什么都在宣誓,吴昕母女摸头杀大片,吉林又拍到野生东北虎,第七次全国人口普查主要数据即将公布,李一桐哭戏,戴了口罩也需全脸涂防晒,地铁里的汉服小妹妹,钢化玻璃进电梯瞬间被夹爆,妈见打留言本,上班第一天直接跑了,吸血鬼城堡原型改造为疫苗接种点,小朋友对年龄没有概念,体育社死现场,如何科学搜捕金钱豹,2021KPL春季赛,阿富汗连环袭击伤亡大部分是女学生,四点半妈妈,上海等级考,动画片的妈妈有多可爱,

2021-05-09,鹿晗 化妆不分性别,张文宏谈印度疫情对中国防控影响,张继科 母亲节时光影集,景甜说看刘宇宁直播路转粉了,红孩儿扮演者如今是中科院博士,每条皱纹 都是勋章,Capper道歉,极限挑战,印度23名新冠患者逃离医院,女教师实名举报校长猥亵宣判,宋亚轩晒弟弟海选视频,张小斐的妈妈叫王桂香,李易峰帮小演员挽头发,韶关特斯拉事故逝者为退休民警,富阳宣传部回应豹子后掌疑断裂,乃万,吸血鬼城堡原型改造为疫苗接种点,阴间版迪士尼,贺峻霖的工资卡上交,杜锋给胡明轩和球迷拍照,这鼠洗澡也太专业了吧,刘宇宁直播,狗狗币6个月上涨近250倍,吉林又拍到野生东北虎,辽宁男篮38分大胜吉林男篮,郑州正弘城,奇奇怪怪的家庭作业,米卡分享自己版本的情歌,2021年珠峰登山季采取最严格防疫,三星堆博物馆临时闭馆2天,赵奕欢翻拍妈妈年轻时旧照,周深请粉丝喝奶茶,高三老师暂停讲课让学生去看晚霞,小朋友对年龄没有概念,俄罗斯卫国战争胜利76周年阅兵,如何看待年轻人网购式尽孝,庆怜晒童年照,钢化玻璃进电梯瞬间被夹爆,三星耳机疑似引发耳部炎症,台南号召小便不冲水,HIStory4近距离爱上你,RNG五连胜,三亚跳舞坠楼女子遗体已火化,第二只外逃豹子后掌疑断裂缺失,母亲节快乐,UOL RNG,张艺兴母亲节给妈妈做菜,四点半妈妈,第十四届全运会,等了三十年的母子团圆,

2021-05-09,鹿晗 化妆不分性别,张文宏谈印度疫情对中国防控影响,景甜说看刘宇宁直播路转粉了,红孩儿扮演者如今是中科院博士,Capper道歉,许晴 这谁扛得住,极限挑战,印度23名新冠患者逃离医院,女教师实名举报校长猥亵宣判,宋亚轩晒弟弟海选视频,张小斐的妈妈叫王桂香,李易峰帮小演员挽头发,韶关特斯拉事故逝者为退休民警,富阳宣传部回应豹子后掌疑断裂,乃万,吸血鬼城堡原型改造为疫苗接种点,阴间版迪士尼,贺峻霖的工资卡上交,杜锋给胡明轩和球迷拍照,这鼠洗澡也太专业了吧,刘宇宁直播,狗狗币6个月上涨近250倍,吉林又拍到野生东北虎,辽宁男篮38分大胜吉林男篮,郑州正弘城,奇奇怪怪的家庭作业,米卡分享自己版本的情歌,2021年珠峰登山季采取最严格防疫,三星堆博物馆临时闭馆2天,赵奕欢翻拍妈妈年轻时旧照,周深请粉丝喝奶茶,高三老师暂停讲课让学生去看晚霞,小朋友对年龄没有概念,俄罗斯卫国战争胜利76周年阅兵,如何看待年轻人网购式尽孝,钢化玻璃进电梯瞬间被夹爆,三星耳机疑似引发耳部炎症,HIStory4近距离爱上你,台南号召小便不冲水,三亚跳舞坠楼女子遗体已火化,张艺兴母亲节给妈妈做菜,第二只外逃豹子后掌疑断裂缺失,母亲节快乐,RNG五连胜,UOL RNG,庆怜晒童年照,四点半妈妈,第十四届全运会,等了三十年的母子团圆,金钱豹出逃一周园方被质疑瞒报,

2021-05-09,鹿晗 化妆不分性别,张文宏谈印度疫情对中国防控影响,有种热叫妈妈不热,景甜说看刘宇宁直播路转粉了,红孩儿扮演者如今是中科院博士,妈妈不只是妈妈,Capper道歉,极限挑战,印度23名新冠患者逃离医院,女教师实名举报校长猥亵宣判,宋亚轩晒弟弟海选视频,张小斐的妈妈叫王桂香,李易峰帮小演员挽头发,韶关特斯拉事故逝者为退休民警,富阳宣传部回应豹子后掌疑断裂,刘宇宁直播,吸血鬼城堡原型改造为疫苗接种点,阴间版迪士尼,杜锋给胡明轩和球迷拍照,狗狗币6个月上涨近250倍,贺峻霖的工资卡上交,这鼠洗澡也太专业了吧,乃万,吉林又拍到野生东北虎,辽宁男篮38分大胜吉林男篮,郑州正弘城,奇奇怪怪的家庭作业,米卡分享自己版本的情歌,赵奕欢翻拍妈妈年轻时旧照,三星堆博物馆临时闭馆2天,周深请粉丝喝奶茶,2021年珠峰登山季采取最严格防疫,三星耳机疑似引发耳部炎症,俄罗斯卫国战争胜利76周年阅兵,高三老师暂停讲课让学生去看晚霞,小朋友对年龄没有概念,如何看待年轻人网购式尽孝,钢化玻璃进电梯瞬间被夹爆,HIStory4近距离爱上你,台南号召小便不冲水,张艺兴母亲节给妈妈做菜,三亚跳舞坠楼女子遗体已火化,第二只外逃豹子后掌疑断裂缺失,母亲节快乐,RNG五连胜,UOL RNG,金钱豹出逃一周园方被质疑瞒报,四点半妈妈,第十四届全运会,等了三十年的母子团圆,

<<<<<<< HEAD
2021-05-10,禁忌女孩,上海海关截获人体细胞247支,LISA超会撩,宁夏一新冠感染者流调报告遭外泄,头一次看到有明星这么认真回复这个,柳岩 我从未降低自己的择偶标准,Xiaohu回归中路,言承旭状态,2021年珠峰登山季采取最严格防疫,景甜说看刘宇宁直播路转粉了,王一博小名叫王杰,鹿晗 化妆不分性别,红孩儿扮演者如今是中科院博士,富阳宣传部回应豹子后掌疑断裂,光光退出厂牌,飞踹掌掴女生涉事老师已开除,董子健弄坏木马后的表情,周琦,西安一大学生因不当言论被退学,利路修微信头像,丈夫脑梗飞机多次延误女子大哭,一不小心被陌生人触动了,李现晒口罩自拍,儿子牺牲后她成了2000名消防员的妈妈,杨紫问董子健怎么减肥,利路修 常德,三星耳机疑似引发耳部炎症,辽宁男篮38分大胜吉林男篮,张文宏谈印度疫情对中国防控影响,阴间版迪士尼,小区车库出口断头路司机差点坠落,如何拯救手机里的废片,RNG八连胜,俄罗斯卫国战争胜利76周年阅兵,美颜特效能有多离谱,刘宇宁看山河令演唱会reaction,组团玩密室被戴手铐电击都是伤,张艺兴母亲节给妈妈做菜,大学生3个月打造古典配饰送妈妈,韶关特斯拉事故逝者为退休民警,职校女生遭男老师掌掴飞踹,黑龙江兴安杜鹃花海,雷佳音邓伦帮路人找对象,上海驴友秦岭穿越失联8天,三只松鼠开口松子过氧化值超标,分别多日老虎母女母亲节相见,西班牙人球迷齐唱武磊之歌,吉林又拍到野生东北虎,骊歌行,贵阳冰雹,

2021-05-10-07,禁忌女孩,上海海关截获人体细胞247支,你真会用小棕瓶吗,宁夏一新冠感染者流调报告遭外泄,头一次看到有明星这么认真回复这个,国货花车巡游太燃了,柳岩 我从未降低自己的择偶标准,Xiaohu回归中路,言承旭状态,2021年珠峰登山季采取最严格防疫,景甜说看刘宇宁直播路转粉了,王一博小名叫王杰,鹿晗 化妆不分性别,红孩儿扮演者如今是中科院博士,富阳宣传部回应豹子后掌疑断裂,光光退出厂牌,飞踹掌掴女生涉事老师已开除,董子健弄坏木马后的表情,周琦,西安一大学生因不当言论被退学,利路修微信头像,丈夫脑梗飞机多次延误女子大哭,一不小心被陌生人触动了,李现晒口罩自拍,儿子牺牲后她成了2000名消防员的妈妈,杨紫问董子健怎么减肥,利路修 常德,三星耳机疑似引发耳部炎症,辽宁男篮38分大胜吉林男篮,张文宏谈印度疫情对中国防控影响,阴间版迪士尼,如何拯救手机里的废片,小区车库出口断头路司机差点坠落,RNG八连胜,俄罗斯卫国战争胜利76周年阅兵,美颜特效能有多离谱,刘宇宁看山河令演唱会reaction,组团玩密室被戴手铐电击都是伤,张艺兴母亲节给妈妈做菜,大学生3个月打造古典配饰送妈妈,韶关特斯拉事故逝者为退休民警,黑龙江兴安杜鹃花海,职校女生遭男老师掌掴飞踹,三只松鼠开口松子过氧化值超标,雷佳音邓伦帮路人找对象,上海驴友秦岭穿越失联8天,西班牙人球迷齐唱武磊之歌,分别多日老虎母女母亲节相见,吉林又拍到野生东北虎,骊歌行,
=======
2021-05-09,鹿晗 化妆不分性别,张文宏谈印度疫情对中国防控影响,韩雪代言新一代好奶粉,景甜说看刘宇宁直播路转粉了,红孩儿扮演者如今是中科院博士,Capper道歉,韶关特斯拉事故逝者为退休民警,极限挑战,女教师实名举报校长猥亵宣判,张小斐的妈妈叫王桂香,宋亚轩晒弟弟海选视频,王一博小名叫王杰,印度23名新冠患者逃离医院,富阳宣传部回应豹子后掌疑断裂,HIStory4近距离爱上你,吸血鬼城堡原型改造为疫苗接种点,杨紫问董子健怎么减肥,杜锋给胡明轩和球迷拍照,辽宁男篮38分大胜吉林男篮,阴间版迪士尼,张艺兴母亲节给妈妈做菜,分别多日老虎母女母亲节相见,三星耳机疑似引发耳部炎症,三星堆博物馆临时闭馆2天,上海驴友秦岭穿越失联8天,组团玩密室被戴手铐电击都是伤,2021年珠峰登山季采取最严格防疫,UOL RNG,第十四届全运会,贺峻霖的工资卡上交,这鼠洗澡也太专业了吧,郑州正弘城,光光退出厂牌,俄罗斯卫国战争胜利76周年阅兵,言承旭状态,贾乃亮大喊岳云鹏我爱你,奇奇怪怪的家庭作业,高三老师暂停讲课让学生去看晚霞,吉林又拍到野生东北虎,天天向上,刘彰为妈妈写rap词,刘宇宁看山河令演唱会reaction,如何看待年轻人网购式尽孝,美颜特效能有多离谱,小朋友对年龄没有概念,台南号召小便不冲水,RNG五连胜,四点半妈妈,西藏侦察兵30米外打中摇晃瓶盖,母亲节快乐,

2021-05-10,禁忌女孩,富阳宣传部回应豹子后掌疑断裂,古驰美妆,言承旭状态,鹿晗 化妆不分性别,景甜说看刘宇宁直播路转粉了,红孩儿扮演者如今是中科院博士,飞踹掌掴女生涉事老师已开除,张文宏谈印度疫情对中国防控影响,光光退出厂牌,王一博小名叫王杰,韶关特斯拉事故逝者为退休民警,刘宇宁看山河令演唱会reaction,2021年珠峰登山季采取最严格防疫,极限挑战,印度23名新冠患者逃离医院,利路修微信头像,西安一大学生因不当言论被退学,三星耳机疑似引发耳部炎症,丈夫脑梗飞机多次延误女子大哭,利路修 常德,儿子牺牲后她成了2000名消防员的妈妈,杨紫问董子健怎么减肥,大学生3个月打造古典配饰送妈妈,阴间版迪士尼,职校女生遭男老师掌掴飞踹,组团玩密室被戴手铐电击都是伤,狗狗币,杜锋给胡明轩和球迷拍照,郑云龙生图,美颜特效能有多离谱,张艺兴母亲节给妈妈做菜,盲人运动员称乘坐航班被拒绝登机,俄罗斯卫国战争胜利76周年阅兵,小学生改编邓紫棋歌曲送给妈妈,RNG六连胜,这鼠洗澡也太专业了吧,Capper道歉,分别多日老虎母女母亲节相见,上海驴友秦岭穿越失联8天,宋亚轩晒弟弟海选视频,高三老师暂停讲课让学生去看晚霞,第二只外逃豹子后掌疑断裂缺失,吸血鬼城堡原型改造为疫苗接种点,天天向上,吉林又拍到野生东北虎,女教师实名举报校长猥亵宣判,辽宁男篮38分大胜吉林男篮,三星堆博物馆临时闭馆2天,UOL RNG,

2021-05-10,禁忌女孩,上海海关截获人体细胞247支,这回 国潮好奶粉领鲜世界,言承旭状态,景甜说看刘宇宁直播路转粉了,王一博小名叫王杰,红孩儿扮演者如今是中科院博士,韶关特斯拉事故逝者为退休民警,2021年珠峰登山季采取最严格防疫,鹿晗 化妆不分性别,光光退出厂牌,飞踹掌掴女生涉事老师已开除,刘宇宁看山河令演唱会reaction,张文宏谈印度疫情对中国防控影响,富阳宣传部回应豹子后掌疑断裂,极限挑战,利路修微信头像,西安一大学生因不当言论被退学,三星耳机疑似引发耳部炎症,丈夫脑梗飞机多次延误女子大哭,杨紫问董子健怎么减肥,儿子牺牲后她成了2000名消防员的妈妈,利路修 常德,杨迪吐槽妈妈配音葫芦娃像蛇精,小区车库出口断头路司机差点坠落,阴间版迪士尼,上海驴友秦岭穿越失联8天,杜锋给胡明轩和球迷拍照,辽宁男篮38分大胜吉林男篮,组团玩密室被戴手铐电击都是伤,天天向上,美颜特效能有多离谱,职校女生遭男老师掌掴飞踹,俄罗斯卫国战争胜利76周年阅兵,张艺兴母亲节给妈妈做菜,印度23名新冠患者逃离医院,大学生3个月打造古典配饰送妈妈,RNG六连胜,盲人运动员称乘坐航班被拒绝登机,这鼠洗澡也太专业了吧,分别多日老虎母女母亲节相见,郑云龙生图,高三老师暂停讲课让学生去看晚霞,UOL RNG,第二只外逃豹子后掌疑断裂缺失,DYG AG,吉林又拍到野生东北虎,小学生改编邓紫棋歌曲送给妈妈,狗狗币,Capper道歉,

2021-05-10,禁忌女孩,上海海关截获人体细胞247支,蔡徐坤代言燕京啤酒,言承旭状态,景甜说看刘宇宁直播路转粉了,王一博小名叫王杰,红孩儿扮演者如今是中科院博士,韶关特斯拉事故逝者为退休民警,2021年珠峰登山季采取最严格防疫,鹿晗 化妆不分性别,光光退出厂牌,飞踹掌掴女生涉事老师已开除,刘宇宁看山河令演唱会reaction,富阳宣传部回应豹子后掌疑断裂,极限挑战,印度23名新冠患者逃离医院,西安一大学生因不当言论被退学,丈夫脑梗飞机多次延误女子大哭,辽宁男篮38分大胜吉林男篮,利路修微信头像,儿子牺牲后她成了2000名消防员的妈妈,杨紫问董子健怎么减肥,小区车库出口断头路司机差点坠落,大学生3个月打造古典配饰送妈妈,利路修 常德,阴间版迪士尼,杜锋给胡明轩和球迷拍照,三星耳机疑似引发耳部炎症,张文宏谈印度疫情对中国防控影响,职校女生遭男老师掌掴飞踹,组团玩密室被戴手铐电击都是伤,上海驴友秦岭穿越失联8天,张艺兴母亲节给妈妈做菜,俄罗斯卫国战争胜利76周年阅兵,美颜特效能有多离谱,盲人运动员称乘坐航班被拒绝登机,这鼠洗澡也太专业了吧,杨迪吐槽妈妈配音葫芦娃像蛇精,宁夏一新冠感染者流调报告遭外泄,分别多日老虎母女母亲节相见,郑云龙生图,RNG八连胜,李现晒口罩自拍,董子健弄坏木马后的表情,Xiaohu回归中路,皇马战平塞维利亚,骊歌行,吉林又拍到野生东北虎,高三老师暂停讲课让学生去看晚霞,郑州正弘城,
>>>>>>> c40a29af9f9ed34035a35bcbc7680c315c8fac83

2021-05-10-07,禁忌女孩,上海海关截获人体细胞247支,辛芷蕾招助理啦,宁夏一新冠感染者流调报告遭外泄,头一次看到有明星这么认真回复这个,柳岩 我从未降低自己的择偶标准,Xiaohu回归中路,言承旭状态,2021年珠峰登山季采取最严格防疫,景甜说看刘宇宁直播路转粉了,王一博小名叫王杰,儿子牺牲后她成了2000名消防员的妈妈,鹿晗 化妆不分性别,富阳宣传部回应豹子后掌疑断裂,红孩儿扮演者如今是中科院博士,光光退出厂牌,董子健弄坏木马后的表情,周琦,西安一大学生因不当言论被退学,利路修微信头像,飞踹掌掴女生涉事老师已开除,丈夫脑梗飞机多次延误女子大哭,一不小心被陌生人触动了,李现晒口罩自拍,杨紫问董子健怎么减肥,利路修 常德,三星耳机疑似引发耳部炎症,辽宁男篮38分大胜吉林男篮,张文宏谈印度疫情对中国防控影响,阴间版迪士尼,如何拯救手机里的废片,小区车库出口断头路司机差点坠落,大学生3个月打造古典配饰送妈妈,俄罗斯卫国战争胜利76周年阅兵,RNG八连胜,美颜特效能有多离谱,刘宇宁看山河令演唱会reaction,组团玩密室被戴手铐电击都是伤,张艺兴母亲节给妈妈做菜,韶关特斯拉事故逝者为退休民警,职校女生遭男老师掌掴飞踹,黑龙江兴安杜鹃花海,三只松鼠开口松子过氧化值超标,上海驴友秦岭穿越失联8天,雷佳音邓伦帮路人找对象,西班牙人球迷齐唱武磊之歌,分别多日老虎母女母亲节相见,吉林又拍到野生东北虎,骊歌行,贵阳冰雹,

2021-05-10-08,禁忌女孩,停车2小时被共享电动车层层包围,一生锁爱 永结同心,柳岩 我从未降低自己的择偶标准,头一次看到有明星这么认真回复这个,宁夏一新冠感染者流调报告遭外泄,上海海关截获人体细胞247支,Xiaohu回归中路,2021年珠峰登山季采取最严格防疫,数字人民币接入支付宝,利路修微信头像,景甜说看刘宇宁直播路转粉了,言承旭状态,儿子牺牲后她成了2000名消防员的妈妈,王一博小名叫王杰,印度新增确诊连续18天超30万例,董子健弄坏木马后的表情,三只松鼠开口松子过氧化值超标,周琦,雷佳音邓伦帮路人找对象,鹿晗 化妆不分性别,西安一大学生因不当言论被退学,李现晒口罩自拍,一不小心被陌生人触动了,丈夫脑梗飞机多次延误女子大哭,利路修 常德,杨紫问董子健怎么减肥,西班牙人球迷齐唱武磊之歌,张文宏谈印度疫情对中国防控影响,阴间版迪士尼,如何拯救手机里的废片,红孩儿扮演者如今是中科院博士,光光退出厂牌,俄罗斯卫国战争胜利76周年阅兵,获刑14年未坐牢副行长现予收监,RNG八连胜,美颜特效能有多离谱,72年前一位英雄母亲留下托孤遗书,组团玩密室被戴手铐电击都是伤,学生球场晕倒救治4天后离世,刘宇宁看山河令演唱会reaction,张艺兴母亲节给妈妈做菜,飞踹掌掴女生涉事老师已开除,小区车库出口断头路司机差点坠落,最后一只外逃豹子脚印被发现,大学生3个月打造古典配饰送妈妈,骊歌行,职校女生遭男老师掌掴飞踹,三星耳机疑似引发耳部炎症,富阳宣传部回应豹子后掌疑断裂,

2021-05-10-08,禁忌女孩,停车2小时被共享电动车层层包围,你真会用小棕瓶吗,柳岩 我从未降低自己的择偶标准,头一次看到有明星这么认真回复这个,国货花车巡游太燃了,宁夏一新冠感染者流调报告遭外泄,上海海关截获人体细胞247支,Xiaohu回归中路,2021年珠峰登山季采取最严格防疫,数字人民币接入支付宝,利路修微信头像,景甜说看刘宇宁直播路转粉了,言承旭状态,儿子牺牲后她成了2000名消防员的妈妈,王一博小名叫王杰,印度新增确诊连续18天超30万例,董子健弄坏木马后的表情,三只松鼠开口松子过氧化值超标,周琦,雷佳音邓伦帮路人找对象,西安一大学生因不当言论被退学,李现晒口罩自拍,一不小心被陌生人触动了,丈夫脑梗飞机多次延误女子大哭,鹿晗 化妆不分性别,利路修 常德,杨紫问董子健怎么减肥,西班牙人球迷齐唱武磊之歌,张文宏谈印度疫情对中国防控影响,如何拯救手机里的废片,阴间版迪士尼,红孩儿扮演者如今是中科院博士,获刑14年未坐牢副行长现予收监,俄罗斯卫国战争胜利76周年阅兵,光光退出厂牌,学生球场晕倒救治4天后离世,RNG八连胜,72年前一位英雄母亲留下托孤遗书,美颜特效能有多离谱,组团玩密室被戴手铐电击都是伤,刘宇宁看山河令演唱会reaction,张艺兴母亲节给妈妈做菜,飞踹掌掴女生涉事老师已开除,最后一只外逃豹子脚印被发现,小区车库出口断头路司机差点坠落,骊歌行,大学生3个月打造古典配饰送妈妈,职校女生遭男老师掌掴飞踹,三星耳机疑似引发耳部炎症,

2021-05-10-08,禁忌女孩,停车2小时被共享电动车层层包围,快乐星球发现神秘老人,柳岩 我从未降低自己的择偶标准,头一次看到有明星这么认真回复这个,宁夏一新冠感染者流调报告遭外泄,上海海关截获人体细胞247支,Xiaohu回归中路,2021年珠峰登山季采取最严格防疫,数字人民币接入支付宝,获刑14年未坐牢副行长现予收监,利路修微信头像,言承旭状态,景甜说看刘宇宁直播路转粉了,儿子牺牲后她成了2000名消防员的妈妈,王一博小名叫王杰,雷佳音邓伦帮路人找对象,董子健弄坏木马后的表情,周琦,三只松鼠开口松子过氧化值超标,西安一大学生因不当言论被退学,李现晒口罩自拍,学生球场晕倒救治4天后离世,一不小心被陌生人触动了,丈夫脑梗飞机多次延误女子大哭,印度新增确诊连续18天超30万例,鹿晗 化妆不分性别,西班牙人球迷齐唱武磊之歌,张文宏谈印度疫情对中国防控影响,如何拯救手机里的废片,杨紫问董子健怎么减肥,利路修 常德,阴间版迪士尼,俄罗斯卫国战争胜利76周年阅兵,72年前一位英雄母亲留下托孤遗书,红孩儿扮演者如今是中科院博士,光光退出厂牌,美颜特效能有多离谱,最后一只外逃豹子脚印被发现,RNG八连胜,组团玩密室被戴手铐电击都是伤,张艺兴母亲节给妈妈做菜,美国科罗拉多州发生枪击案7人死亡,悬崖之上,影视公司和明星工作室扎堆海南,刘宇宁看山河令演唱会reaction,小区车库出口断头路司机差点坠落,大学生3个月打造古典配饰送妈妈,飞踹掌掴女生涉事老师已开除,骊歌行,

2021-05-10-08-52,禁忌女孩,停车2小时被共享电动车层层包围,这回 国潮好奶粉领鲜世界,柳岩 我从未降低自己的择偶标准,头一次看到有明星这么认真回复这个,宁夏一新冠感染者流调报告遭外泄,获刑14年未坐牢副行长现予收监,上海海关截获人体细胞247支,2021年珠峰登山季采取最严格防疫,数字人民币接入支付宝,Xiaohu回归中路,利路修微信头像,言承旭状态,景甜说看刘宇宁直播路转粉了,儿子牺牲后她成了2000名消防员的妈妈,王一博小名叫王杰,雷佳音邓伦帮路人找对象,三只松鼠开口松子过氧化值超标,周琦,董子健弄坏木马后的表情,学生球场晕倒救治4天后离世,西安一大学生因不当言论被退学,李现晒口罩自拍,一不小心被陌生人触动了,丈夫脑梗飞机多次延误女子大哭,印度新增确诊连续18天超30万例,如何拯救手机里的废片,西班牙人球迷齐唱武磊之歌,张文宏谈印度疫情对中国防控影响,杨紫问董子健怎么减肥,鹿晗 化妆不分性别,利路修 常德,阴间版迪士尼,俄罗斯卫国战争胜利76周年阅兵,72年前一位英雄母亲留下托孤遗书,最后一只外逃豹子脚印被发现,红孩儿扮演者如今是中科院博士,光光退出厂牌,美颜特效能有多离谱,RNG八连胜,组团玩密室被戴手铐电击都是伤,刘宇宁看山河令演唱会reaction,美国科罗拉多州发生枪击案7人死亡,影视公司和明星工作室扎堆海南,张艺兴母亲节给妈妈做菜,小区车库出口断头路司机差点坠落,飞踹掌掴女生涉事老师已开除,大学生3个月打造古典配饰送妈妈,悬崖之上,骊歌行,

2021-05-10,刘芸 如果我骂你妈你开心吗,自动挡科目二考试减少为4项,窦骁亲吻何超莲,猪坚强已入弥留,INTO1分宿舍,华谊兄弟被强制执行3亿,美国宣布进入国家紧急状态,大理一直升机坠入洱海,董子健 希望我的稳重不是因为体重,刘宇周柯宇抽到双人间,李佳琦成立人间唢呐公司,王霜说要在东京奥运会摧坚决胜,作业帮猿辅导分别被处250万顶格罚款,头一次看到有明星这么认真回复这个,金钱豹外逃事件5人被采取刑事强制措施,迪丽热巴让祝绪丹遇她,Angelababy双马尾,军官敬礼时一个带错仨,东北雪糕的价格,凤凰传奇唱歌稳的就跟假唱似的,警方通报男子商场内坠亡,女子网购后恶意投诉牟利6000元被抓,陈瑶鱼骨辫写真,假疫苗接种卡在美国悄然蔓延,宋亚轩刘耀文快本路透,何洛洛荧幕初吻,数字人民币与微信支付宝关系,84款App违法违规收集使用个人信息,没想到自己员工是个学渣,高卿尘 这个房子太土了,袁隆平超级杂交稻平均亩产1004.83公斤,2022年将全国推广驾照电子化,法国人停车能有多随性,俄罗斯女兵被踩掉靴子坚持走完阅兵,女生看完自己照片的反应,遇龙,洱海坠机事故伤员正在抢救,1921赴俄小组角色官宣,林雪演戏被喂烂提子,河南嵩山龙门向足协申诉,首届消博会闭幕,英国查出日本造列车有问题,杨梅荔枝啵啵冰,哆啦A梦助攻大雄静香,停车2小时被共享电动车层层包围,10年字体侵权案数量翻了100倍,不会恋爱的我们杀青,顾川吃火锅辣没电,美团股价暴跌,幼儿园的演练有多真实,

2021-05-10,成都四十九中回应学生在校高坠离世,林雪演戏被喂烂提子,香奈儿蔚蓝男士香水,成都49中,杨紫 暴富耳钉,爱予黑玫瑰,武汉暴雨,高卿尘 这个房子太土了,坠亡女子所住民宿为黑旅店,自动挡科目二考试减少为4项,杨超越看Sunnee演唱会的样子,刘芸 如果我骂你妈你开心吗,印度暴发罕见病菌致死率达50%,印度医护人员将遗体扔进河,搜救队将带活鸡上山诱捕外逃豹子,猪坚强已入弥留,窦骁亲吻何超莲,迪丽热巴让祝绪丹遇她,上海一小区推智能门禁可查群租,shib大涨,刘以豪分享和沈月拍吻戏细节,马斯克自称患阿斯伯格综合征,Angelababy双马尾,刘些宁晒双马尾照,上海现猫咪试养店,遇龙,张哲瀚直播,军官敬礼时一个带错仨,日本民众集会吁取消东京奥运,王霜说要在东京奥运会摧坚决胜,信阳冰雹,广东首次发现新冠病毒巴西突变株,米卡房间的电视机,遇龙全员遇龙,袁隆平超级杂交稻平均亩产1004.83公斤,武汉站暴雨漏水,鸭子的毛能有多蓬松,长沙暴雨,东北雪糕的价格,任嘉伦邢菲初夏氛围感大片,洱海直升机坠落2人死亡,泫雅晒与金晓钟合照,杭州金钱豹外逃首次发布会,苏州乐园回应过山车急停,美国为啥进入了国家紧急状态,杨梅荔枝啵啵冰,悬崖之上,华谊兄弟被强制执行3亿,大理一直升机坠入洱海,金钱豹外逃事件5人被采取刑事强制措施,

2021-05-10,李荣浩 别这样不关我的事啊,成都四十九中回应学生在校高坠离世,快乐星球发现神秘老人,北京广电禁止未成年参加选秀类网综,难听,金希澈说韩庚以前经常做炒饭给他吃,成都49中,禁忌女孩为何会爆火,华春莹说美国黄鼠狼给鸡拜年没安好心,杨紫 暴富耳钉,吴磊生图,武汉暴雨,将女友推向行驶中公交车男子被刑拘,官方回应第二只金钱豹后肢断了情况,泫雅晒与金晓钟合照,华春莹再问美方为何满世界建生物实验室,快乐大本营户外录制,王菊在张蓝心创可贴上写开张大吉,茅台5连跌3个月市值损失近9500亿,体测时的社死现场,教师被人举报私设辅导班翻窗逃跑,韩美娟女装造型大片,在电梯里做郭富城招牌动作,用鲁迅的文笔写辞职单,玩家为买游戏账号被骗458万,杨紫 同一个世界同一个梦想,林雪演戏被喂烂提子,都市丽人被强制执行22万,军官敬礼时一个带错仨,见过最温柔的纸条,禁忌女孩,3只金钱豹4月19日就已外逃,杭州野生动物世界存在严重瞒报行为,美国为啥进入了国家紧急状态,上海市消保委约谈美团拼多多,印度暴发罕见病菌致死率达50%,冰雹可以有多可怕,NCT回归,武汉暴雨楼梯变瀑布,杭州金钱豹外逃首次发布会,坠亡女子所住民宿为黑旅店,洱海直升机坠落2人死亡,丁禹兮分享最近日常,85岁社区志愿者曾是两弹工程师,高卿尘 这个房子太土了,掉假发时的社死瞬间,币安暂时停止所有提款,shib大涨,对蚊子最精准的吐槽,印度医护人员将遗体扔进河,

2021-05-10,撒贝宁催婚李佳琦金靖,成都四十九中回应学生在校高坠离世,你真会用小棕瓶吗,赵丽颖直播状态,李荣浩 别这样不关我的事啊,薇娅杨迪国货直播,快乐大本营户外录制,成都49中,人口普查历史上的多个首次,华春莹说美国黄鼠狼给鸡拜年没安好心,薇娅分享撞脸照被杨迪打假,难听,日本核污入海引发韩国抢盐潮,杨紫 暴富耳钉,普京接种新冠疫苗后抗体检测呈阳性,禁忌女孩为何会爆火,武汉暴雨,毒液2预告,四川新发现大量会东杜鹃,茅台5连跌3个月市值损失近9500亿,赵丽颖温柔奶油短裙,首都机场一女子占座致航班滑回,电动车电梯里起火烧伤多人,番茄酸汤肥牛螺蛳粉,都市丽人被强制执行22万,庚澈,被亲戚催婚时妈妈的反应,流萤睡姿,美国为啥进入了国家紧急状态,军官敬礼时一个带错仨,小智看了想报警,乌鸦小姐与蜥蜴先生,金希澈说韩庚以前经常做炒饭给他吃,谢霆锋晒和周润发合照,华春莹再问美方为何满世界建生物实验室,御赐小仵作,对蚊子最精准的吐槽,特种兵是如何健身的,吴磊生图,小朋友对爱情的理解,体测时的社死现场,韩美娟女装造型大片,沉浸式体验有多逼真,杭州野生动物世界存在严重瞒报行为,将女友推向行驶中公交车男子被刑拘,安庆暴雨,掉假发时的社死瞬间,见过最大的暴雨,武汉队 北京国安,shib大涨,

2021-05-11,朱正廷三天暴瘦十几斤,成都四十九中回应学生在校高坠离世,嫣然一抱,撒贝宁催婚李佳琦金靖,成都49中,赵丽颖直播状态,专家说很担心第3只金钱豹生存状态,快乐大本营户外录制,华春莹说中俄始终肩并肩站在一起,人口普查历史上的多个首次,李荣浩 别这样不关我的事啊,薇娅分享撞脸照被杨迪打假,普京接种新冠疫苗后抗体检测呈阳性,日本核污入海引发韩国抢盐潮,难听,禁忌女孩为何会爆火,毒液2预告,茅台5连跌3个月市值损失近9500亿,都市丽人被强制执行22万,见过最大的暴雨,丁真白t造型游西湖,电动车电梯里起火烧伤多人,板野友美怀孕,首都机场一女子占座致航班滑回,王鸥演的王惠芬,赵丽颖温柔奶油短裙,华春莹说美国黄鼠狼给鸡拜年没安好心,shib大涨,币安暂时停止所有提款,总不能一直倒霉吧,平潭,吴世勋素颜直播,庚澈,美国为啥进入了国家紧急状态,乌鸦小姐与蜥蜴先生,珠峰峰顶将设隔离线严防疫情,小智看了想报警,武汉暴雨,母鸡妈妈带孔雀宝宝晒太阳,金希澈说韩庚以前经常做炒饭给他吃,沉浸式体验有多逼真,御赐小仵作,对蚊子最精准的吐槽,小朋友对爱情的理解,四川新发现大量会东杜鹃,流萤睡姿,番茄酸汤肥牛螺蛳粉,军官敬礼时一个带错仨,武汉队 北京国安,被亲戚催婚时妈妈的反应,

2021-05-11,撒贝宁催婚李佳琦金靖,成都四十九中回应学生在校高坠离世,嫣然一抱,赵丽颖直播状态,成都49中,朱正廷三天暴瘦十几斤,专家说很担心第3只金钱豹生存状态,华春莹说中俄始终肩并肩站在一起,普京接种新冠疫苗后抗体检测呈阳性,日本核污入海引发韩国抢盐潮,薇娅分享撞脸照被杨迪打假,李荣浩 别这样不关我的事啊,人口普查历史上的多个首次,快乐大本营户外录制,武汉暴雨,难听,见过最大的暴雨,都市丽人被强制执行22万,茅台5连跌3个月市值损失近9500亿,电动车电梯里起火烧伤多人,丁真白t造型游西湖,毒液2预告,首都机场一女子占座致航班滑回,王鸥演的王惠芬,板野友美怀孕,乌鸦小姐与蜥蜴先生,华春莹说美国黄鼠狼给鸡拜年没安好心,shib大涨,币安暂时停止所有提款,母鸡妈妈带孔雀宝宝晒太阳,四川新发现大量会东杜鹃,小朋友对爱情的理解,吴世勋素颜直播,美国为啥进入了国家紧急状态,御赐小仵作,被亲戚催婚时妈妈的反应,沉浸式体验有多逼真,庚澈,特种兵是如何健身的,赵丽颖温柔奶油短裙,珠峰峰顶将设隔离线严防疫情,小智看了想报警,总不能一直倒霉吧,对蚊子最精准的吐槽,流萤睡姿,禁忌女孩为何会爆火,金希澈说韩庚以前经常做炒饭给他吃,番茄酸汤肥牛螺蛳粉,武汉队 北京国安,杭州野生动物世界存在严重瞒报行为,

2021-05-11,教育局通报成都四十九中学生坠亡,龚俊 张老师生日快乐,武汉通报大风中吊篮撞楼2人死亡,遇龙,撒贝宁催婚李佳琦金靖,大理直升机坠入洱海4人遇难,EXO回归预告,华春莹说中俄始终肩并肩站在一起,成都一电瓶车电梯内爆燃,特斯拉女车主被男车主起诉,许嵩黄龄新歌冰柜,朱正廷三天暴瘦十几斤,专家说很担心第3只金钱豹生存状态,吃播翻车有多好笑,赵丽颖直播状态,化学老师,都市丽人被强制执行22万,茅台5连跌3个月市值损失近9500亿,张哲瀚,上海知名游乐场出租车坐地起价,欧阳娜娜晒日常plog,赵瑾尧晒与青你选手合照,背妈妈上学的女孩如今带妈妈实习,五五开黑节皮肤,郑州一高校设失恋博物馆,上海暴雨,币安暂时停止所有提款,美国为啥进入了国家紧急状态,张哲瀚生日微博评论,成都49中,薇娅分享撞脸照被杨迪打假,shib大涨,华春莹说美国黄鼠狼给鸡拜年没安好心,丁真白t造型游西湖,白岩松采访林郑月娥,王鸥演的王惠芬,驻村扶贫民警哭成泪人,美团调整配送抽佣,见过最大的暴雨,成都四十九中回应学生在校高坠离世,板野友美怀孕,山东荣成多彩盐田宛如眼影盘,世界防治肥胖日,男子买假大牌送女友牵出售假团伙,救护车被堵小女孩挨个敲窗,毒液2预告,尼泊尔呼吁登山者带回空氧气瓶供医用,普京接种新冠疫苗后抗体检测呈阳性,母鸡妈妈带孔雀宝宝晒太阳,宁波天气,

2021-05-11,成都坠亡学生家属不认同教育局通报,我国仍是世界第一人口大国,放肆喜欢那一味,萧敬腾工作室 萧敬腾不在武汉,教育局通报成都四十九中学生坠亡,全国超2.18亿人具有大学文化程度,龚俊 张老师生日快乐,第七次人口普查结果发布会,入伍前成绩倒数退伍后班级第一,中国男性比女性多3490万人,香港将与内地公务员互换挂职,两名外籍游客翻越长城被列入黑名单,比特币凌晨突发大跳水,毒液说中文,禁忌女孩,特斯拉女车主被男车主起诉,四川公安,化学老师,超6万炫富短视频被清理,技嘉,肖战工作室800万粉丝福利,王鹤棣古装,赵薇为张哲瀚庆生,中国人口平均年龄为38.8岁,遇龙,救护车被堵小女孩挨个敲窗,张哲瀚生日微博评论,武汉通报大风中吊篮撞楼2人死亡,武磊回归国家队,张哲瀚生日直播,EXO回归预告,我国已列管188种新精神活性物质,男子买假大牌送女友牵出售假团伙,电瓶车电梯爆燃受伤婴儿未脱离危险,毒液2斯坦李彩蛋,五五开黑节皮肤,官方通报小区电梯内电瓶车起火,人生就像泡沫,吃播翻车有多好笑,撒贝宁催婚李佳琦金靖,成都一电瓶车电梯内爆燃,许嵩黄龄新歌冰柜,欧阳娜娜晒日常plog,国家统计局回应人口老龄化情况,赵瑾尧晒与青你选手合照,过三爽撮合叶小妹母女,郑州一高校设失恋博物馆,朱正廷三天暴瘦十几斤,威少历史三双王,成都49中,

2021-05-11,张柏芝想为结婚对象再生小孩,成都坠亡学生家属不认同教育局通报,我国仍是世界第一人口大国,买房会带给你安全感吗,校方否认学生坠亡与化学老师有关,洱海坠机牺牲机组人员信息,技嘉道歉,成都学生坠亡事件有哪些疑点,成都警方回应四十九中学生坠亡,萧敬腾工作室 萧敬腾不在武汉,菲律宾进入国家灾难状态,全国超2.18亿人具有大学文化程度,教育局通报成都四十九中学生坠亡,我国二孩生育率明显提升,日媒曝福岛核污水排放方案,龚俊 张老师生日快乐,老师撤离150名学生后大树瞬间倒下,迪丽热巴说四个长歌可绕地球一圈,爆柠茶,京东下架技嘉全部产品,化学老师,好怕是上次那个脚臭大哥,肖战工作室800万粉丝福利,皮囊之下,乘客术后不能乘机要求空乘背下机,技嘉,金钱豹搜捕现场近百只活鸡作诱饵,香港将与内地公务员互换挂职,杭州400斤小伙缩胃减重100斤,专家判断第3只豹子或已死亡,少年制止校园暴力被杀嫌犯奶奶发声,夏天的第一个冰激淋,中国男性比女性多3490万人,御赐小仵作,禁忌女孩,电瓶车电梯爆燃受伤婴儿未脱离危险,四川公安,一条毛毯见证周恩来朱德的友谊,超6万炫富短视频被清理,王鹤棣古装,赵薇为张哲瀚庆生,人生就像泡沫,交论文的社死现场,毒液说中文,少年制止校园暴力被杀案宣判,救护车被堵小女孩挨个敲窗,东北地区人口十年减少1101万人,实施寒暑假学生体育家庭作业制度,武汉通报大风中吊篮撞楼2人死亡,都市丽人回应被强制执行22万元,

2021-05-11,黄奕 我的家庭没有爸爸这个角色,成都警方回应四十九中学生坠亡,于敏生前采访中反复说死而后已,张柏芝想为结婚对象再生小孩,吴磊范丞丞不敢看钟楚曦,教育部建议家长不跟风报班,印度黑市氧气卖出天价,校方否认学生坠亡与化学老师有关,技嘉道歉,我国仍是世界第一人口大国,华春莹说强征慰安妇是严重反人类罪行,超200家粉丝后援会呼吁理智追星,每学期对课桌椅高度个性化调整,大学生利用肯德基漏洞诈骗20余万元,洱海坠机牺牲机组人员信息,董明珠看许佳琪跳蝎子舞的表情,曾黎 我至今未婚,京东下架技嘉全部产品,蔡文静彭冠英双人剧照,虞书欣说自己是横店千颂伊,张哲瀚的脸比新浪公仔还小,姜小宁认出顾川是大哥哥,东莞牺牲民警搏斗时故意往人少处去,吴倩说对待老人只有真诚和耐心,老师撤离150名学生后大树瞬间倒下,大熊猫向展馆外熊猫玩偶求抱抱,技嘉,全国超2.18亿人具有大学文化程度,小猫咪的力气能有多大,成都学生坠亡事件有哪些疑点,中小学用电子产品开展教学不超30%,伊朗13艘快艇高速逼近美舰队,一生一世首支预告,成都坠亡学生家属不认同教育局通报,迪丽热巴说四个长歌可绕地球一圈,御赐小仵作,爆柠茶,瀑布小龙虾盖浇饭,乘客术后不能乘机要求空乘背下机,悬崖之上,全国各地区人口数据,日本福岛一化工厂发生爆炸,河北涿鹿县发现草原狼,郭杰瑞称美国故意不报道中国抗疫成果,毕业生学位论文查重乱象,假如国货有段位,口腔溃疡有多烦,百香果菠萝啵啵茶,交论文的社死现场,九霄寒夜暖官宣,

2021-05-11,央视评高中生坠亡通报需以更多事实回应,杜海涛回应被沈梦辰催婚催不动,重庆涪陵,陈宥维姜思达杨梅吐气了,警方通报成都四十九中学生坠亡,警方通报多名幼儿身上现针眼,大学生利用肯德基漏洞诈骗20余万元,尹正喝醉偷吃午餐肉忘了味道,吴磊模仿钟楚曦的拍照姿势,毕业生学位论文查重乱象,吴青峰称苏打绿休团是林暐哲逼的,重庆德牧壮壮,少年的你日本版新镜头,饭圈集资套路多,黄奕 我的家庭没有爸爸这个角色,山河令剧本围读花絮,梁建章建议生1个孩子奖励100万,利路修 长沙,马斯克发起狗狗币支付特斯拉投票,临沂大学张瑞莹,不要轻易把话筒递给歌迷,曾黎 我至今未婚,成都警方回应四十九中学生坠亡,董明珠看许佳琪跳蝎子舞的表情,李宰镇将结婚,Sunnee问现在狗仔做得这么大吗,于敏生前采访中反复说死而后已,PIG币下跌,房地产税改革试点工作座谈会,功夫熊猫竟然真的存在,虞书欣说自己是横店千颂伊,安徽阜阳一中学工地挖出炸弹,室友的打工日记,12省份进入中度老龄化,吴磊范丞丞不敢看钟楚曦,吴倩说对待老人只有真诚和耐心,老人驾车逆行碾轧小学生后跑了,李佳琦直播,郭杰瑞称美国故意不报道中国抗疫成果,华春莹批美国每年花3亿美元抹黑中国,遇龙,Hero晋级S组,张柏芝想为结婚对象再生小孩,故宫日晕,中小学原则上采用纸质作业,发现自己病态的瞬间,深圳已成立深房理联合调查组,印度一ICU供氧量突降致11人死亡,小猫咪的力气能有多大,教育部建议家长不跟风报班,

2021-05-11,警方通报成都四十九中学生坠亡,杜海涛回应被沈梦辰催婚催不动,重庆德牧壮壮,李希侃左林杰出行姿势,吊篮撞楼死者家属发声,央视评高中生坠亡通报需以更多事实回应,重庆涪陵,哇唧唧哇理智追星倡导书,13年前的地震少年现在都怎么样了,医院院长被举报接受下属排队送礼,黄子韬公司回应存款被冻结,禁忌女孩,吴磊模仿钟楚曦的拍照姿势,博主食用二级保护动物法螺被刑拘,山河令将在韩国播出,当地回应中学生坠亡关键六问,向佐回应药水哥,毕业生学位论文查重乱象,山东黑科技防电动车爆燃事故,丈夫隐瞒患癌女子要求撤婚被驳,梁建章建议生1个孩子奖励100万,老师教室内淡定喝茶看暴雨,MSI,C9战胜DK,5天走失58名儿童,北京发现电动车进电梯可拨12345举报,故宫日晕,PIG币下跌,马斯克发起狗狗币支付特斯拉投票,刘雨昕跳popping,临沂大学张瑞莹,职业寿命达到上限该怎么破,利路修 长沙,华春莹说中国不是威胁美国才是威胁,时代峰峻理智追星倡导书,发现自己病态的瞬间,井胧甘望星谢兴阳合照,令人意想不到的冷知识,钱镠墓被盗,中国留学生讲述印度抗疫生活,董明珠看许佳琪跳蝎子舞的表情,饭圈集资套路多,大学生利用肯德基漏洞诈骗20余万元,小伙裸眼雕刻0.5毫米铅笔芯,谁没有一个有趣的老师呢,乐华娱乐理智追星倡导书,警方通报多名幼儿身上现针眼,极限运动社死现场,CSPR,尹正喝醉偷吃午餐肉忘了味道,

2021-05-12,警方通报成都四十九中学生坠亡,512,重庆涪陵,猪坚强,13年前的地震少年现在都怎么样了,当地回应中学生坠亡关键六问,杜海涛回应被沈梦辰催婚催不动,王霏霏因为李佳琦变成大嗓门,重庆德牧壮壮,进击的巨人,吊篮撞楼死者家属发声,博主食用二级保护动物法螺被刑拘,央视评高中生坠亡通报需以更多事实回应,禁忌女孩,哇唧唧哇理智追星倡导书,向佐回应药水哥,梁建章建议生1个孩子奖励100万,福建专升本,毕业生学位论文查重乱象,丈夫隐瞒患癌女子要求撤婚被驳,何洛洛演技,老师教室内淡定喝茶看暴雨,如何看待薅羊毛的行为,MSI,5天走失58名儿童,李现中国刑警路透,刘雨昕跳popping,山东黑科技防电动车爆燃事故,PIG币下跌,医院院长被举报接受下属排队送礼,华春莹说中国不是威胁美国才是威胁,山河令将在韩国播出,小伙裸眼雕刻0.5毫米铅笔芯,黄子韬公司回应存款被冻结,钱镠墓被盗,乐华娱乐理智追星倡导书,利路修 长沙,极限运动社死现场,发现自己病态的瞬间,遇龙,警方通报多名幼儿身上现针眼,中国留学生讲述印度抗疫生活,令人意想不到的冷知识,时代峰峻理智追星倡导书,井胧甘望星谢兴阳合照,谁没有一个有趣的老师呢,临沂大学张瑞莹,故宫日晕,马斯克发起狗狗币支付特斯拉投票,以色列巴勒斯坦冲突,

2021-05-12,512,警方通报成都四十九中学生坠亡,当地回应中学生坠亡关键六问,猪坚强,王霏霏因为李佳琦变成大嗓门,重庆涪陵,13年前的地震少年现在都怎么样了,杜海涛回应被沈梦辰催婚催不动,重庆德牧壮壮,吊篮撞楼死者家属发声,医院院长被举报接受下属排队送礼,央视评高中生坠亡通报需以更多事实回应,禁忌女孩,博主食用二级保护动物法螺被刑拘,以色列巴勒斯坦冲突,向佐回应药水哥,丈夫隐瞒患癌女子要求撤婚被驳,山东黑科技防电动车爆燃事故,福建专升本,梁建章建议生1个孩子奖励100万,老师教室内淡定喝茶看暴雨,5天走失58名儿童,何洛洛演技,MSI,钱镠墓被盗,李现中国刑警路透,进击的巨人,PIG币下跌,毕业生学位论文查重乱象,乐华娱乐理智追星倡导书,黄子韬公司回应存款被冻结,中国留学生讲述印度抗疫生活,哇唧唧哇理智追星倡导书,小伙裸眼雕刻0.5毫米铅笔芯,华春莹说中国不是威胁美国才是威胁,极限运动社死现场,刘雨昕跳popping,山河令将在韩国播出,谁没有一个有趣的老师呢,如何看待薅羊毛的行为,临沂大学张瑞莹,警方通报多名幼儿身上现针眼,令人意想不到的冷知识,发现自己病态的瞬间,利路修 长沙,遇龙,时代峰峻理智追星倡导书,故宫日晕,马斯克发起狗狗币支付特斯拉投票,井胧甘望星谢兴阳合照,

2021-05-12,512,高中生坠亡通报请少一些硬邦邦,13年前的新闻播报 她哭了我们也哭了,猪坚强,空降兵15勇士惊天一跳,向佐回应药水哥,中国从不以超越美国为目标但不回避竞争,肖战工作室理智追星倡导书,512大地震十三周年,杭州通报门诊部失火致18人受伤,13年后看汶川,王霏霏因为李佳琦变成大嗓门,外逃豹子曾与狗纠缠后跳墙离去,警方通报博主食用二级保护动物法螺,警方通报成都四十九中学生坠亡,范跑跑,杨洋张丰毅合影,巴萨基本告别西甲冠军,福建专升本,路人被洒水车追着喷还挨骂,且试天下,林墨裤子穿反了,英雄联盟,山河令,谏山创,杜海涛回应被沈梦辰催婚催不动,男子狂追网约车搭讪女乘客被行拘,山东黑科技防电动车爆燃事故,毕业生学位论文查重乱象,丈夫隐瞒患癌女子要求撤婚被驳,梁建章建议生1个孩子奖励100万,巴西已检出110种变异毒株,吴青峰回应著作权纠纷,护士节,老师教室内淡定喝茶看暴雨,当地回应中学生坠亡关键六问,悬崖之上,13年前的地震少年现在都怎么样了,何洛洛演技,巨人最终卷加页,5天走失58名儿童,李现中国刑警路透,315名股民人均获赔39万元,如何看待薅羊毛的行为,重庆德牧壮壮,吊篮撞楼死者家属发声,临沂大学张瑞莹,谁没有一个有趣的老师呢,禁忌女孩,进击的巨人,

2021-05-12,乔丹曝光与科比最后的短信交流,512,范跑跑,药水哥道歉,向太 药水哥是谁,赖弘国称已和阿娇办好离婚手续,高中生坠亡通报请少一些硬邦邦,90后的三十岁,13年前的新闻播报 她哭了我们也哭了,韩国滩涂申遗被联合国退回,周杰伦女儿拉琴照和前世情人MV一样,512大地震十三周年,苏州一快递站宠物盲盒发臭,对台独顽固分子终身追责,超7成护士拥有大专以上学历,汶川地震108个罗汉娃长大了,宿舍烧螃蟹拍视频炫耀被举报,13年后的汶川,315名股民人均获赔39万元,当年的汶川孩子成长得很好,空降兵15勇士惊天一跳,13年后看汶川,勾起了我想吃雪糕的心,北京广州地铁乘车二维码互通,13年前国人喊出中国雄起,ICU里的00后男护士,且试天下,贵州11岁女孩路灯下借光看书,计算机二级成绩,外逃豹子曾与狗纠缠后跳墙离去,成都暴雨,杨洋张丰毅合影,巴西已检出110种变异毒株,埃及批准苏伊士运河拓宽计划,护士节,肖战工作室理智追星倡导书,猪坚强是生命的奇迹坚强的符号,辅警烈日下执勤脱了一层皮,以色列宣布洛德进入紧急状态,计算机一级成绩,洱海坠机牺牲机长生前采访,杜兰特大帽拉文,护士的隐藏技能,杭州门诊部火灾已致1死17伤,林墨裤子穿反了,多省启动事业单位公开招聘,基金从业,汶川地震夹缝男孩明年结婚,高三的晚霞有多美,印度富士康工厂感染激增,

2021-05-12,周杰伦的稻香是写给汶川地震的,江苏宜兴重大命案,吴京在汶川地震时给灾民搭建帐篷,药水哥道歉,汶川地震夹缝男孩明年结婚,512,90后的三十岁,第2只金钱豹进食量增加,范跑跑,陈坚,向太 药水哥是谁,杭州杀妻案周五开庭,华为鸿蒙商标被驳回复审,13年前的新闻播报 她哭了我们也哭了,乔丹曝光与科比最后的短信交流,地铁偶遇龚俊,杨丞琳回应有工作才回内地,明星天价片酬四大洗钱招数,张雪迎姐姐,开榴莲开出了盲盒的感觉,齐齐哈尔一村庄疑发现四只野狼,汶川地震108个罗汉娃长大了,密室大逃脱,512大地震十三周年,为考研她摸过的盲文试卷有半米高,成都大规模新冠疫苗接种开始,金曲奖,14岁少年冲进火海救出两孩子,新冠病毒精确完整基因注释图谱完成,2名女生河中央拍照被激流冲下,周杰伦女儿拉琴照和前世情人MV一样,阿达娃 曾凡博,13年后看汶川,赖弘国称已和阿娇办好离婚手续,当年的汶川孩子成长得很好,空降兵15勇士惊天一跳,韩国滩涂申遗被联合国退回,南方的荔枝熟了,高中生坠亡通报请少一些硬邦邦,对台独顽固分子终身追责,汶川漩口中学地震遗址现场,日本推出温泉外卖,金曲奖入围名单,莫迪决定不去英国参加G7峰会,秦始皇陵铜车马启运新馆,汶川地震空降勇士中有位年近五旬老兵,原来西瓜还有分品种,台湾股市,宿舍烧螃蟹拍视频炫耀被举报,朴秀荣SOLO,

2021-05-12,小学生遛狗捡到26万,卫星看汶川地震极重灾区新貌,ZARA因以次充好被行政处罚,禁忌女孩,吴京在汶川地震时给灾民搭建帐篷,女生坐地铁意外收获老爷爷的速写,明星天价片酬四大洗钱招数,女子地震失去双腿后嫁给假肢制作师,华春莹回应外媒中国人口危机论,榴莲贵不是没有原因的,周杰伦的稻香是写给汶川地震的,药水哥道歉,母亲回应14岁儿子火海救两儿童,90后的三十岁,江苏宜兴重大命案,黄龄 胡洋,刘涛 我不能让任何人看低我,小米起诉美国政府诉讼达成和解,华为鸿蒙商标被驳回复审,为考研她摸过的盲文试卷有半米高,黄景瑜给考研粉丝发回误删资料,秦海璐说张馨月矫情,地铁偶遇龚俊,到下班点领导都不走怎么办,一颗胶囊引发的社死现场,梁森用歌单报平安,杨丞琳回应有工作才回内地,乔丹曝光与科比最后的短信交流,HTMoon下跌,偶遇邓伦打篮球,哪个瞬间你开始不想结婚,如果蚊子都变成吸脂肪,如何回答女朋友的灵魂拷问,华春莹说56个FBI监督中国留学生太少了,向太 药水哥是谁,金曲奖入围名单,小学生超强逻辑让骗子自挂电话,密室大逃脱,美食博主食用国家二级保护动物,张馨月自责拖累林峯,泰国女排26人感染新冠肺炎,开榴莲开出了盲盒的感觉,512,汶川地震罗汉娃重返罗汉寺,抗疫医务人员可享受带薪休假,美国民众排长队加油,原来西瓜还有分品种,日本推出温泉外卖,湖人 尼克斯,尼泊尔珠峰大本营首位确诊者发声,

2021-05-12,张雪迎发长文回应粉丝,印度一大学20天内19名教授因新冠去世,吴尊分享隔离14天心得,杜海涛沈梦辰,榴莲贵不是没有原因的,姐弟遛狗捡到钱不是26万是51万,原瑞幸董事长陆正耀再创业,内卷就该这么卷,华春莹说56个FBI监督中国留学生太少了,公牛集团涉嫌垄断被调查,06版神雕黄晓明眼泪里有刘亦菲,杭州第二只金钱豹粪便检出竹叶,没见过世面的鲨鱼,卫星看汶川地震极重灾区新貌,ZARA因以次充好被行政处罚,昵称太像人名而痛失真名,抽屉里发现了父母的情书,汶川地震唯一在世搜救犬14岁了,黄景瑜给考研粉丝发回误删资料,小朋友打针能有多害怕,男孩70天打赏女主播158万,黄龄 胡洋,禁忌女孩,刘涛 我不能让任何人看低我,90后的三十岁过得好吗,明星天价片酬四大洗钱招数,女生坐地铁意外收获老爷爷的速写,以色列对加沙地带发动空袭,小米起诉美国政府诉讼达成和解,如何看待金曲奖入围名单,秦海璐说张馨月矫情,地铁偶遇龚俊,消防员70米烟囱救下男子手抖不停,华春莹批西方老字号记者在中国骗访,NASA公布绝美项链星云影像,小学生遛狗捡到26万,如果蚊子都变成吸脂肪,偶遇邓伦打篮球,官方回应齐齐哈尔疑似发现野狼,警方通报江苏男子驾车顶撞民警,喝茶在南方人心中的地位,哪个瞬间你开始不想结婚,艺人向粉丝商业集资将受惩戒,梁森用歌单报平安,张馨月自责拖累林峯,华春莹反问外媒炒作新疆清真寺问题,一颗胶囊引发的社死现场,遇龙,华为鸿蒙商标被驳回复审,吴京在汶川地震时给灾民搭建帐篷,

2021-05-12,阿迪达斯被罚,印度变异毒株已传至40多国和地区,张雪迎发长文回应粉丝,杜海涛沈梦辰,内卷就该这么卷,离职了你会和领导说什么,小学生让骗子自挂电话,06版神雕黄晓明眼泪里有刘亦菲,印度目前存在多国变异毒株混杂局面,榴莲贵不是没有原因的,黄景瑜给考研粉丝发回误删资料,猪坚强老主人带食物探望,姐弟遛狗捡到钱不是26万是51万,江西一医院院长收红包被停职,原瑞幸董事长陆正耀再创业,澳大利亚少年在垃圾桶睡觉被挤压碾死,一见钟情时的表情管理,狗狗币创始人2015年已卖光,刻在DNA里的课文,黄龄 胡洋,御赐小仵作,窥探,男子高位截瘫8年研发19项专利,昵称太像人名而痛失真名,美军从叙利亚运出偷来的小麦,男女吵架的不同特点,刘涛 我不能让任何人看低我,悬崖之上,华春莹说56个FBI监督中国留学生太少了,杭州第二只金钱豹粪便检出竹叶,婚姻中爱情和责任哪个更重要,为什么说恋爱中细节很重要,抽屉里发现了父母的情书,华春莹批西方老字号记者在中国骗访,没见过世面的鲨鱼,男孩70天打赏女主播158万,吴尊分享隔离14天心得,遇龙,公牛集团涉嫌垄断被调查,皮囊之下,用学人精的方式怼人,实时监测消耗卡路里的智慧跑道,西双版纳星光邂逅萤火海,当你接受了社交上的缺陷,汶川地震唯一在世搜救犬14岁了,艺人向粉丝商业集资将受惩戒,教授让太行山140万亩荒山由秃变绿,90后的三十岁过得好吗,ZARA因以次充好被行政处罚,禁忌女孩,

2021-05-13,阿迪达斯被罚,印度变异毒株已传至40多国和地区,张雪迎发长文回应粉丝,杜海涛沈梦辰,利路修登上Pitchfork首页,内卷就该这么卷,AI LINK有多火,小学生让骗子自挂电话,印度目前存在多国变异毒株混杂局面,离职了你会和领导说什么,06版神雕黄晓明眼泪里有刘亦菲,姐弟遛狗捡到钱不是26万是51万,猪坚强老主人带食物探望,江西一医院院长收红包被停职,遇龙,榴莲贵不是没有原因的,龚俊大学毕业照,狗狗币创始人2015年已卖光,刻在DNA里的课文,美国海关在印度乘客行李发现牛粪饼,为什么说恋爱中细节很重要,澳大利亚少年在垃圾桶睡觉被挤压碾死,肖战为白衣天使献唱竹石,男孩70天打赏女主播158万,陆啸姜可乐人工呼吸吻,美军从叙利亚运出偷来的小麦,一见钟情时的表情管理,公牛集团涉嫌垄断被调查,华春莹说56个FBI监督中国留学生太少了,用学人精的方式怼人,男女吵架的不同特点,御赐小仵作,窥探,华春莹批西方老字号记者在中国骗访,汶川地震唯一在世搜救犬14岁了,男子高位截瘫8年研发19项专利,没见过世面的鲨鱼,杭州第二只金钱豹粪便检出竹叶,黄景瑜给考研粉丝发回误删资料,昵称太像人名而痛失真名,西双版纳星光邂逅萤火海,90后的三十岁过得好吗,悬崖之上,皮囊之下,艺人向粉丝商业集资将受惩戒,刘涛 我不能让任何人看低我,教授让太行山140万亩荒山由秃变绿,吴尊分享隔离14天心得,原瑞幸董事长陆正耀再创业,婚姻中爱情和责任哪个更重要,

2021-05-13,阿迪达斯被罚,印度变异毒株已传至40多国和地区,遇龙,李佳琦 逃离美术馆计划,杜海涛沈梦辰,利路修登上Pitchfork首页,张雪迎发长文回应粉丝,小学生让骗子自挂电话,日本推降温口罩,内卷就该这么卷,姐弟遛狗捡到钱不是26万是51万,离职了你会和领导说什么,榴莲贵不是没有原因的,印度目前存在多国变异毒株混杂局面,猪坚强老主人带食物探望,江西一医院院长收红包被停职,龚俊大学毕业照,美军从叙利亚运出偷来的小麦,狗狗币创始人2015年已卖光,美国海关在印度乘客行李发现牛粪饼,为什么说恋爱中细节很重要,澳大利亚少年在垃圾桶睡觉被挤压碾死,肖战为白衣天使献唱竹石,刻在DNA里的课文,陆啸姜可乐人工呼吸吻,御赐小仵作,一见钟情时的表情管理,华春莹说56个FBI监督中国留学生太少了,公牛集团涉嫌垄断被调查,男子高位截瘫8年研发19项专利,昵称太像人名而痛失真名,男孩70天打赏女主播158万,窥探,汶川地震唯一在世搜救犬14岁了,刘涛 我不能让任何人看低我,杭州第二只金钱豹粪便检出竹叶,华春莹批西方老字号记者在中国骗访,用学人精的方式怼人,警方通报成都四十九中学生坠亡,男女吵架的不同特点,没见过世面的鲨鱼,06版神雕黄晓明眼泪里有刘亦菲,黄景瑜给考研粉丝发回误删资料,90后的三十岁过得好吗,吴尊分享隔离14天心得,西双版纳星光邂逅萤火海,艺人向粉丝商业集资将受惩戒,悬崖之上,原瑞幸董事长陆正耀再创业,消防员70米烟囱救下男子手抖不停,

2021-05-13,张恒 我赢得儿子女儿抚养独立决定权,监控还原成都49中学生坠亡前轨迹,特斯拉暂停使用比特币支付,李佳琦 逃离美术馆计划,杜海涛沈梦辰,纸吸管真的很环保 在我嘴里就降解了,新华社还原成都49中学生坠亡事件,美媒称中国科兴疫苗高度有效,印度变异毒株已传至40多国和地区,成都49中学生坠楼事件时间线,遇龙,300亿只蝉将席卷美国东部,阿迪达斯被罚,小学生让骗子自挂电话,利路修登上Pitchfork首页,内卷就该这么卷,和即将结婚的朋友互删了,霍尊,shib大跌,吴青峰发文感谢苏打绿成员,龚俊大学毕业照,为什么说恋爱中细节很重要,日本推出机上婚礼,艺人让家人打理个人事业好吗,刻在DNA里的课文,美国海关在印度乘客行李发现牛粪饼,世卫预计世界因疫情会损失10万亿美元,狗狗币创始人2015年已卖光,华春莹批西方老字号记者在中国骗访,澳大利亚少年在垃圾桶睡觉被挤压碾死,许嵩新歌科幻,一见钟情时的表情管理,肖战为白衣天使献唱竹石,高中生坠亡通报请少一些硬邦邦,哈登复出,御赐小仵作,张雪迎发长文回应粉丝,日本推降温口罩,陆啸姜可乐人工呼吸吻,美军从叙利亚运出偷来的小麦,昵称太像人名而痛失真名,用学人精的方式怼人,离职了你会和领导说什么,姐弟遛狗捡到钱不是26万是51万,21岁的寿星朱鹮,窥探,男孩70天打赏女主播158万,90后的三十岁过得好吗,杭州第二只金钱豹粪便检出竹叶,黄景瑜给考研粉丝发回误删资料,

2021-05-13,监控还原成都49中学生坠亡前轨迹,张雪迎姐姐发文道歉,汉服市场爆发,和即将结婚的朋友互删了,成都49中回应事发2小时通知家长,纸吸管真的很环保 在我嘴里就降解了,陈坤周冬雨代言方太,农村孩子还有没有机会逆袭,国家疾病预防控制局正式挂牌,王一博风起洛阳新造型,新华社还原成都49中学生坠亡事件,乌合麒麟 希望这些小画家们可以道歉,超7800名运动员获东京奥运会资格,300亿只蝉将席卷美国东部,特斯拉暂停使用比特币支付,美媒称中国科兴疫苗高度有效,苏有朋叫自己东区利老师,老太被无绳狗扑倒后猝死,4月剧本杀门店倒闭数量翻倍,虞书欣发PLOG为安崎庆生,第一次见这么像人的鞋子,杜海涛沈梦辰否认分手,张恒 我赢得儿子女儿抚养独立决定权,凤求凰还不能抽,长歌行,金毛追老鼠压塌邻居家吊顶,霍尊,刻在DNA里的课文,湖人升起第17面总冠军旗帜,三轮车疑逆行闯红灯撞上宾利,禁忌女孩,火箭 湖人,艺人让家人打理个人事业好吗,印度变异毒株已传至40多国和地区,龚俊大学毕业照,小学生让骗子自挂电话,吴青峰发文感谢苏打绿成员,公牛集团回应涉嫌垄断被调查,21岁的寿星朱鹮,shib大跌,为什么说恋爱中细节很重要,日本推出机上婚礼,男子被医生拽上救护车才知道颅内出血,一见钟情时的表情管理,利路修登上Pitchfork首页,哈登复出,澳大利亚少年在垃圾桶睡觉被挤压碾死,阿迪达斯被罚,许嵩新歌科幻,御赐小仵作,

2021-05-13,印小天父亲去世,2021年公务员考录时间提前2个月,央视探访成都49中,白酒基金经理口味变了,大二男生从上海坐公交到北京,景甜回应资源咖,上海破获7亿奶茶店套路诈骗案,生活好物节,汉服市场爆发,监控还原成都49中学生坠亡前轨迹,林墨借刘彰充电宝收费,和即将结婚的朋友互删了,Angelababy冲浪摔了15次,盖茨称自己的婚姻没有爱情,男子被医生拽上救护车才知道颅内出血,迪丽热巴吴磊海报拍摄花絮,黄明昊 没关系我是坦克,老师说男的欺负女的不要脸,男童遭双亲弃养自愿与继父生活,卫龙提交港交所上市申请,洗头洗了个寂寞,密室大逃脱,杜海涛沈梦辰否认分手,张恒 我赢得儿子女儿抚养独立决定权,工信部下架90款侵害用户权益APP,原来哆啦a梦有手指头,宝宝不吃饭遭保姆扇耳光,刘雯给自己P了一副墨镜,公牛集团股价大跌,火箭 湖人,杨幂晒手绘珊璞,张雪迎姐姐发文道歉,印度小哥的真实记录,4月剧本杀门店倒闭数量翻倍,国家疾病预防控制局正式挂牌,一封有温度的结婚请柬,纸吸管真的很环保 在我嘴里就降解了,五个扑水的少年定档,第一次见这么像人的鞋子,人民日报评治理饭圈乱象,困在时间里的父亲定档,业主堵电梯门阻拦骑电动车女子,成都49中回应事发2小时通知家长,倪大红白敬亭爷孙团大片,蚂蚁森林声明,苏有朋叫自己东区利老师,一年内告9家用人单位被认定碰瓷,凤求凰还不能抽,外卖骑手的困局如何解,完美伴侣阵容,

2021-05-13,吴宣仪 我就是不想化妆,安徽六安发现一例核酸阳性者,央视探访成都49中,韩艺瑟公布恋情,迪丽热巴分享李长歌成长vlog,局处长陪应届生面试,陈坤周冬雨代言方太,大二男生从上海坐公交到北京,俄罗斯驱逐美国驻俄大使馆发言人,1921侧颜海报,北京一出租车阻挡救护车被行拘,印度医生警告牛粪疗法无效,原来北大校徽是鲁迅设计的,Angelababy冲浪摔了15次,上海破获7亿奶茶店套路诈骗案,1921剧组走进北大,成都九价HPV,赵丽颖赤凤姝颜预告,喜茶小程序服务器,邓伦开密室逃脱的原因,会议瓶装水浪费普遍,杜海涛沈梦辰否认分手,懂得尊重的伴侣有多可爱,2021年公务员考录时间提前2个月,蚂蚁森林声明,男童遭双亲弃养自愿与继父生活,洗头洗了个寂寞,觉醒年代,汉服市场爆发,钟南山谈群体免疫,马达加斯加面临严重饥荒,机场设置粉丝接送机专属区域,原来哆啦a梦有手指头,我的漂亮朋友定档,工信部下架90款侵害用户权益APP,林墨借刘彰充电宝收费,北京580岁古流苏树迎来盛花期,四川高院决定再审张志军故意杀人案,汶川地震获救13年后的道谢,网传警察拖行死者家属系不实消息,老师隐瞒身份资助学生3年后被发现,画风突变的主持人,坠亡学生遗体在父母同意后火化,焉栩嘉演教员,世界最薄不锈钢仅0.015毫米厚,巴以再起冲突的原因是什么,宝宝不吃饭遭保姆扇耳光,Neuralink公司称15年内培育恐龙,黄明昊 没关系我是坦克,刘雯给自己P了一副墨镜,

2021-05-13,朝女孩泼奶茶男子被抓获,坠亡学生遗体在父母同意后火化,钟南山称全球通过疫苗免疫需二到三年,就要这young拍,吴宣仪 我就是不想化妆,韩艺瑟公布恋情,国家统计局副局长称需提高生育意愿,成都九价HPV,老师隐瞒身份资助学生3年后被发现,1921侧颜海报,网传警察拖行死者家属系不实消息,清肺排毒汤可有效降低新冠死亡风险,蔡徐坤工作室理智追星倡导书,男子网络赌博输60元牵出3.4亿大案,浙江广电局推动电视剧片酬管理,台湾大规模停电,不配,海南自学考试146人作弊,原来北大校徽是鲁迅设计的,唐艺昕什么是快乐气球,张艺兴金发侧颜,GQ红毯,1921选角,王鸥自制广西特色小吃酸嘢,宋茜幽雅夜蝶裙,马嘉祺素颜近照,父母婚姻破裂对子女的影响有多大,喜茶小程序服务器,蚂蚁森林声明,深圳晚霞,高中停电的那个晚自修,焉栩嘉演教员,贺峻霖把鞋踢飞的事被妈妈知道了,赵丽颖赤凤姝颜预告,巴勒斯坦男童空袭中痛失父亲兄弟,禁忌女孩,以色列巴勒斯坦冲突,大二男生从上海坐公交到北京,百想艺术大赏,当说起吃辣,李佳琦直播,圣保罗州长称巴西政府应向中国道歉,邓伦开密室逃脱的原因,打篮球撞倒横穿老人被索赔5万,蜥蜴美甲,觉醒年代,广东16万民警岗位默哀送别黎伟标,令你丧失工作热情的瞬间,2021新财富500富人榜,窥探,

2021-05-13,钟南山称全球通过疫苗免疫需二到三年,火箭军某部营长沙子呷荣立一等功,金秀贤状态,不要觉得单休和双休只差了一天,安徽六安新增1例本土确诊,亲爱的唐先生,日本39人接种辉瑞疫苗后死亡,御赐小仵作,成都九价HPV,安徽金色健康码来了,华晨宇方起诉造谣者,姚策妻子和养母隔空互呛,杨超越水手服,朝女孩泼奶茶男子被抓获,坠亡学生遗体在父母同意后火化,医院禁止50岁以下职工停车留给患者,阿里巴巴发布第四季度财报,唐艺昕什么是快乐气球,赞多刘宇合照,郑秀晶抹胸黑色长裙,烤蛋糕烤出了个蘑菇云,GQ红毯,蜥蜴美甲,吴宣仪 我就是不想化妆,西安雁翔路突发塌陷,禁忌女孩,海南自学考试146人作弊,2飞行员成功处置战机空中停车险情,公交车司机能有多精致,张艺兴金发侧颜,尹浩宇生图,救援队断水驴友却烧水泡茶,安徽肥西新增1例确诊,百想艺术大赏,宋茜幽雅夜蝶裙,赞多生图,以色列巴勒斯坦冲突,美国多地发布蝉群预警,Kingdom,穿洞洞鞋的心路历程,广西一大巴与货车相撞,我国最北高速铁路开建,金素妍百想视后,刘亚仁百想影帝,浙江广电局推动电视剧片酬管理,R1SE的集体浪漫,优酷被北京文旅局处罚,台湾大规模停电,国家统计局副局长称需提高生育意愿,1921侧颜海报,

2021-05-14,安徽六安新增1例本土确诊,御赐小仵作,钟南山称全球通过疫苗免疫需二到三年,迪奥小A瓶眼精华,不要觉得单休和双休只差了一天,以色列巴勒斯坦冲突,日本39人接种辉瑞疫苗后死亡,火箭军某部营长沙子呷荣立一等功,救援队断水驴友却烧水泡茶,安徽金色健康码来了,亲爱的唐先生,金秀贤状态,杨超越水手服,刘亚仁百想影帝,朝女孩泼奶茶男子被抓获,金素妍百想视后,宋仲基状态,烤蛋糕烤出了个蘑菇云,优酷被北京文旅局处罚,第二所薇娅希望小学建成使用,医院禁止50岁以下职工停车留给患者,穿洞洞鞋的心路历程,华晨宇方起诉造谣者,禁忌女孩,刘宇古装高马尾造型,郑秀晶抹胸黑色长裙,唐艺昕什么是快乐气球,阿里巴巴发布第四季度财报,2飞行员成功处置战机空中停车险情,百想艺术大赏,赞多刘宇合照,坠亡学生遗体在父母同意后火化,姚策妻子和养母隔空互呛,苍兰诀飞天吻海报,GQ红毯,追星星的人发布会,国家统计局副局长称需提高生育意愿,浙江广电局推动电视剧片酬管理,吴宣仪 我就是不想化妆,广西平乐客车与货车相撞致3死13伤,R1SE的集体浪漫,张艺兴金发侧颜,公交车司机能有多精致,台湾大规模停电,西安雁翔路突发塌陷,觉醒年代,Kingdom,蜥蜴美甲,海南自学考试146人作弊,成都九价HPV,

2021-05-14,安徽六安新增1例本土确诊,御赐小仵作,钟南山称全球通过疫苗免疫需二到三年,当她面对选择,不要觉得单休和双休只差了一天,日本39人接种辉瑞疫苗后死亡,火箭军某部营长沙子呷荣立一等功,王建国思文吐提开撕,救援队断水驴友却烧水泡茶,百想艺术大赏,以色列巴勒斯坦冲突,安徽金色健康码来了,金秀贤状态,姚策妻子和养母隔空互呛,刘亚仁百想影帝,杨超越水手服,金素妍百想视后,宋仲基状态,孙嘉璐拍戏被扇50次巴掌,优酷被北京文旅局处罚,医院禁止50岁以下职工停车留给患者,彭冠英黑色蕾丝礼服,烤蛋糕烤出了个蘑菇云,第二所薇娅希望小学建成使用,穿洞洞鞋的心路历程,坠亡学生遗体在父母同意后火化,阿里巴巴发布第四季度财报,文淇演技,华晨宇方起诉造谣者,2飞行员成功处置战机空中停车险情,苍兰诀飞天吻海报,亲爱的唐先生,郑秀晶抹胸黑色长裙,禁忌女孩,公交车司机能有多精致,网传警察拖行死者家属系不实消息,刘宇古装高马尾造型,唐艺昕什么是快乐气球,美国多地发布蝉群预警,朝女孩泼奶茶男子被抓获,赞多刘宇合照,西安雁翔路突发塌陷,国家统计局副局长称需提高生育意愿,台湾大规模停电,觉醒年代,GQ红毯,追星星的人发布会,蜥蜴美甲,骊歌行,独臂少年100米跑11秒26夺冠,

2021-05-14,杭州杀妻碎尸案今日开庭,安徽通报新增2例确诊病例情况,破产姐妹Max扮演者订婚,刘宇宁越磨砺越发光,不要觉得单休和双休只差了一天,李浩菲付伟伦街头拥吻,以色列警察闯入巴勒斯坦人家,爱蹭不脱妆,航班延误现场发钱补偿旅客,安徽六安两地区调为中风险,救援队断水驴友却烧水泡茶,安徽肥西核酸检测现场,金秀贤状态,以色列空军和地面部队开始进攻加沙地带,亲爱的唐先生,安徽金色健康码来了,刘亚仁百想影帝,金莎 对不起耽误鲸鲨赚钱了,徐冬冬求网友帮修一下生图,刘宇狼尾发型,宋仲基状态,钟汉良平潭录制综艺,1921,女研究生遇电信诈骗险被骗216万,孙嘉璐拍戏被扇50次巴掌,狗狗币大涨,烤蛋糕烤出了个蘑菇云,医院禁止50岁以下职工停车留给患者,窥探,优酷被北京文旅局处罚,穿洞洞鞋的心路历程,当晚自习遇上夏夜晚霞,张嘉元白色扎染西装,彭冠英黑色蕾丝礼服,火箭军某部营长沙子呷荣立一等功,文淇演技,坠亡学生遗体在父母同意后火化,全钟瑞百想影后,公交车司机能有多精致,遇龙,骊歌行太子瘸了,老友记重聚节目先导预告,少年遭围殴致死被埋案14日开庭,姚策妻子和养母隔空互呛,日本福岛县近海海域6.0级地震,优酷提供危害国家统一等产品被罚款1万,阿里巴巴发布第四季度财报,御赐小仵作,新能源汽车换电模式应用试点,走秀社死现场,

2021-05-14,破产姐妹Max扮演者订婚,合肥再增1例本土确诊,觉醒年代的选角,刘宇宁越磨砺越发光,尹正 女孩子一定不能断碳水,李冰冰赵丽颖COSMO合体封面,电瓶车电梯起火受伤女婴父亲发声,爱蹭不脱妆,优酷提供危害国家统一等产品被罚款1万,安徽六安两地区调为中风险,以色列警察闯入巴勒斯坦人家,郑恺的教练是苏炳添,杜淳王灿女儿满月,李浩菲付伟伦街头拥吻,杭州杀妻碎尸案今日开庭,不要觉得单休和双休只差了一天,德云社门票,美国网红怒斥马斯克打压比特币,金莎 对不起耽误鲸鲨赚钱了,狗狗币大涨,民警用辣椒水喷老人眼睛,杭州杀妻案嫌犯家属希望不判死刑,赵丽颖奇遇江湖封面大片,马斯克谴责比特币能耗,以色列空军和地面部队开始进攻加沙地带,钟南山首次晒出接种新冠疫苗现场图,刘丽千确诊粘液样脂肪肉瘤,女研究生遇电信诈骗险被骗216万,建党伟业选角颜值有多绝,以军方致电加沙居民称导弹即将炸你家,龚俊机场饭拍,1921,机智的医生生活2预告,钟汉良挑战蜘蛛腿,我国首条小卫星智能生产线首颗卫星下线,合肥确诊病例在大连无入境人员接触史,15岁少年遭围殴致死被埋案开庭,夏季防晒的正确打开方式,刘宇狼尾发型,美国燃油管道商向黑客支付500万美元,脑瘫小伙掌勺开餐馆还资助贫困生,安徽合肥划定管控区域,长安如故首支预告,六安市启动新冠肺炎疫情控制应急预案,民政部公布12个涉嫌非法社会组织,走秀社死现场,焦裕禄妻子永远的遗憾,杭州杀妻碎尸案受害人家属发声,徐冬冬求网友帮修一下生图,纽约打疫苗送汉堡薯条,

2021-05-14,向佐让药水哥买保险,海关截获8只活体长戟大兜虫,这就是街舞节目组声明,献给咖啡的爱豆电影,尹正 女孩子一定不能断碳水,李冰冰赵丽颖COSMO合体封面,央视曝光上头电子烟,与时代并肩的数字创新者,杭州杀妻碎尸案被告人认罪悔罪,民政部公布12个涉嫌非法社会组织,如梦之梦抢票,破产姐妹Max扮演者订婚,李浩菲付伟伦街头拥吻,合肥再增1例本土确诊,焦裕禄妻子永远的遗憾,觉醒年代的选角,合肥确诊病例在大连无入境人员接触史,李若彤张丰毅健身合照,巴以冲突已致上百人死亡,美国网红怒斥马斯克打压比特币,这就是男人至死是少年吗,不要用纸吸管喝罐装可乐,家里狗子收养了只流浪猫,游戏主播酒店热水壶中撒尿,Brave Girls海报手势,保利票务崩了,萌探探探案阵容,新冠肺炎防控方案第八版来了,以军方致电加沙居民称导弹即将炸你家,利拉德41分,龚俊机场饭拍,电瓶车电梯起火受伤女婴父亲发声,金莎 对不起耽误鲸鲨赚钱了,民警用辣椒水喷老人眼睛,以色列警察闯入巴勒斯坦人家,乌海定档,杜淳王灿女儿满月,金韩彬开通微博,赵丽颖奇遇江湖封面大片,青岛百年古树开花,救援队回应断水驴友烧水泡茶,全国多地民警送反诈蛋,女研究生遇电信诈骗险被骗216万,景甜幻想家园大片,当代青年怎么反内卷,长安如故首支预告,恋恋剧场片单,夏季防晒的正确打开方式,建党伟业选角颜值有多绝,狗狗币大涨,

2021-05-14,肖战演的顾一野,合肥确诊病例吕某行程轨迹公布,风起洛阳阵容,迪奥小A瓶眼精华,杭州杀妻碎尸案被告人认罪悔罪,山东禹城虐妻致死案宣判,上海警方处置曹杨路可疑箱包警情,国内灭活疫苗对多数变异株有效,尹正 女孩子一定不能断碳水,海关截获8只活体长戟大兜虫,这就是街舞节目组声明,向佐让药水哥买保险,王牌部队传承版海报,营口鲅鱼圈人员车辆无特殊原因不离区,抑郁症小伙做木偶机走出低谷,电瓶车电梯燃爆涉事厂家接受调查,邢菲 我挺想让大家叫我老公的,民航局回应机上wifi网速慢,成都将下架虚高价格房源,黄景瑜张哲瀚电影定妆照,宋茜风起洛阳男女装双造型,王嘉尔到底说了多少个团结,公司白班改夜班10名员工辞职索赔,闪耀暖暖 婚纱,你为求婚做过哪些傻事,李若彤张丰毅健身合照,不要用纸吸管喝罐装可乐,东京奥运相关赴日人员减半,巴以冲突已致上百人死亡,这就是男人至死是少年吗,游戏主播酒店热水壶中撒尿,新疆姑娘遵父愿坚持治沙16年,风起洛阳风云万象先导预告,敦煌博物馆致歉与电子烟品牌联名,家里狗子收养了只流浪猫,杭州杀妻案当庭未宣判,8部门约谈滴滴首汽等10家网约车平台,萌探探探案阵容,Brave Girls海报手势,彩虹爆浆水果糯米糍,加沙遭以军空袭前后卫星地图对比,如梦之梦抢票,安徽疫情,小龙虾一斤降价十几元,央视曝光上头电子烟,民警用辣椒水喷老人眼睛,北京体育大学百米女飞人,三色丸子椰汁撞奶,李冰冰赵丽颖COSMO合体封面,李浩菲付伟伦街头拥吻,

