2021-08-19,日本东京湾发现残奥会保安浮尸,孟晚舟,孟晚舟未给汇丰造成任何损失,披荆斩棘的姐姐们颜值有多绝,吉娜开口就是老妹儿啊,近2万名干警向纪委监委投案,浙江卫视的彩蛋是周杰伦,被豆豆笑死了,男子出车祸接孕妻电话求消防别出声,阿富汗前副总统自封临时总统,骗子对民警说找到我就嫁给你,毛阿敏 跑调,不太知名但是很美的小城市,章若楠演的公主病,阿富汗7月大女婴因机场混乱与父母失散,郭麒麟 彼此的爱要互相看到,逆水寒让剑网3好好做游戏,公交司机吵架后要与乘客同归于尽,一生一世,为什么西红柿吃不出小时候的味道了,虞书欣 甜辣,angelababy担心洪成成变得胆怯,陈思铭重现赵琦君名场面,关晓彤舞台是什么魔鬼特效,洪成成陈思铭麦穗约会落单,宋亚轩wave,818,10岁盲童独自出门妈妈默默跟随,张文宏回应网友关心,5000名美国公民仍滞留阿富汗,好喜欢睡觉又好喜欢熬夜,赵粤发色,周生辰人设,洪成成 马子佳喜欢我怎能去邀请别人,马卡巴卡CP,何广智说海王和海狗的区别,江西警方提醒不要传播未成年人霸凌视频,一公司老板禁止员工热饭,浙江卫视818晚会,阿富汗,上海确诊病例14天内未离沪,湖南卫视818晚会,南京一高校院长涉嫌婚内出轨,心动的信号,哪些植物吃了会躺板板,许幼怡离婚,钟汉良复古solo舞台好帅,上海疫情,宝可梦,还是山鸡哥厉害啊,

2021-08-19,孟晚舟,日本东京湾发现残奥会保安浮尸,被豆豆笑死了,披荆斩棘的姐姐们颜值有多绝,孟晚舟未给汇丰造成任何损失,浙江卫视的彩蛋是周杰伦,吉娜开口就是老妹儿啊,全国现有29地高风险80地中风险,近2万名干警向纪委监委投案,阿富汗前副总统自封临时总统,上海研发支架口罩戴眼镜不起雾,马子佳问孔汝淳会因为友情回避爱情吗,毛阿敏 跑调,男子出车祸接孕妻电话求消防别出声,不太知名但是很美的小城市,骗子对民警说找到我就嫁给你,angelababy担心洪成成变得胆怯,张文宏回应网友关心,818,一公司老板禁止员工热饭,章若楠演的公主病,郭麒麟 彼此的爱要互相看到,江西警方提醒不要传播未成年人霸凌视频,陈思铭重现赵琦君名场面,逆水寒让剑网3好好做游戏,一生一世,10岁盲童独自出门妈妈默默跟随,上海确诊病例14天内未离沪,为什么西红柿吃不出小时候的味道了,5000名美国公民仍滞留阿富汗,宋亚轩wave,公交司机吵架后要与乘客同归于尽,虞书欣 甜辣,阿富汗7月大女婴因机场混乱与父母失散,关晓彤舞台是什么魔鬼特效,哪些植物吃了会躺板板,李宇春一趟汉字舞台,赵粤发色,好喜欢睡觉又好喜欢熬夜,阿富汗,南京一高校院长涉嫌婚内出轨,马卡巴卡CP,湖南卫视818晚会,心动的信号,浙江卫视818晚会,周生辰人设,宝可梦,钟汉良复古solo舞台好帅,上海疫情,蔡徐坤复古燕尾服造型,

2021-08-19,腾讯宣布再投500亿元助力共同富裕,拜登支持率降至上任以来最低,古剑奇谭,篮球滔客,斯嘉丽约翰逊生下二胎,阿富汗女孩哭求美军放行,杭州警方通报六旬男子捅死29岁男子,中国医师节,日本东京湾发现残奥会保安浮尸,披荆斩棘的姐姐们颜值有多绝,微博情绪,浙江卫视的彩蛋是周杰伦,孟晚舟引渡案将于10月21日裁决,吉娜开口就是老妹儿啊,apex,不太知名但是很美的小城市,庆祝西藏和平解放70周年大会,马伯骞 感情中没有时间轴,陈露方否认索要分手费,章若楠演的公主病,心动的信号真心话好刺激,上海研发支架口罩戴眼镜不起雾,KK 很抱歉让大家这么生气,孟晚舟未给汇丰造成任何损失,angelababy担心洪成成变得胆怯,白鹿高质量端水大师,骗子对民警说找到我就嫁给你,朴树谈粉籍,2人留守封控村照顾全村猫狗鸡鸭鱼,被豆豆笑死了,让尊医成为自觉,他们救人的战场不止在医院,孟晚舟,日本动漫产业销售额十年来首降,陈思铭重现赵琦君名场面,近2万名干警向纪委监委投案,大江好可爱,郭麒麟 彼此的爱要互相看到,海霞说别把劳动者困于系统绑于算法,一生一世,一公司老板禁止员工热饭,阿富汗前副总统自封临时总统,毛阿敏 跑调,哪些植物吃了会躺板板,我国成功发射天绘二号02组卫星,周深琵琶对唱大鱼,公交司机吵架后要与乘客同归于尽,宋亚轩wave,上海确诊病例14天内未离沪,男子出车祸接孕妻电话求消防别出声,

2021-08-19,禄口机场,复旦医学博士弃高薪回乡的1000天,古剑奇谭,王子文吴永恩十指紧扣逛街,多款追星应用下架,谢晖因酒后失言被停职,10天淡化顽固纹,官方通报俩女生斑马线上爬行拍照,银行职工嫌烦卸载反诈APP后被骗,把科目一搞惊悚了,拜登支持率降至上任以来最低,罗悦嘉,李云迪 大家对我哪里惊奇,杨洋坐腿抱太甜了,南京今天起实现全域低风险区,西藏和平解放70周年,斯嘉丽约翰逊生下二胎,从美军机坠落阿富汗死者身份,这瓜是来报仇的吧,腾讯宣布再投500亿元助力共同富裕,杭州警方通报六旬男子捅死29岁男子,KK 很抱歉让大家这么生气,云南疫情,小女孩给电梯里的牛奶贴暖宝宝,被扫黑风暴大江整笑了,阿富汗女孩哭求美军放行,微博情绪,小孔勇敢,贺峻霖镜头感,庆祝西藏和平解放70周年大会,一起联署要求加拿大释放孟晚舟,陈岚直播评价霍尊,陈露方否认索要分手费,今天是第四个中国医师节,俄罗斯国防部发宣传片介绍中国军队,江苏新增本土确诊3例,西安市民秦岭游玩撞上傻狍子,民警刷视频刷到男子捕获豹猫,医生谢谢你,江苏新增3例本土确诊病例,UP主用4个月复刻三星堆金杖,杜兰特谈与格林矛盾,华为加拿大公司回应孟晚舟案,马伯骞 感情中没有时间轴,高楼起火居民搭人梯救出两名女童,道枝骏佑目黑莲出演消失的初恋,章若楠演的公主病,apex,90后火箭夫妇爱情是一起搞科研,朴树谈粉籍,

2021-08-19,任嘉伦 我不说了,阿富汗总统被曝带走1.69亿美元,湖南卫视官宣余生,年薪二十万是怎样的水平,张艺谋参演我和我的父辈,王子文吴永恩十指紧扣逛街,10天淡化顽固纹,被误以为给领导鞠躬,张继科独特躲酒方法,巴基斯坦女子遭400名男性集体性骚扰,一起联署要求加拿大释放孟晚舟,原来谈恋爱还可以这样,水谷隼 进军娱乐圈,刘翔同名嫌疑犯逃窜几里没跑过民警,西藏和平解放70周年,复旦医学博士弃高薪回乡的1000天,多款追星应用下架,辣目洋子跳不要生气舞,云南普洱发现罕见黑顶蟆口鸱,12岁男孩超重30斤患脂肪肝,今天是第四个中国医师节,杨洋坐腿抱太甜了,郑州连续14天无新增病例才能开学,谢晖因酒后失言被停职,余生请多指教心动轨迹海报,恋恋剧中人开播,古剑奇谭,孙俪手绘漫画祝苏筱生日快乐,扫黑风暴致敬扫黑英雄,阿富汗总统否认离境时携带大量现金,南京今天起实现全域低风险区,陈岚直播评价霍尊,态度恶劣就能提高办事效率,陈露方否认索要分手费,华东师大家教中心宣布终止业务,塔利班士兵纵火焚烧游乐园,吴月红被孙世杰气哭,KK 很抱歉让大家这么生气,当你问东风快递能否送到时,把科目一搞惊悚了,电源线老化起火男孩教科书式灭火,华为加拿大公司回应孟晚舟案,医生可以硬核到什么程度,原来大猫也可以这么萌,总是听不到闹钟怎么办,罗悦嘉,在华留学生讲述全家撤离喀布尔过程,斯嘉丽约翰逊生下二胎,室友发明的宿舍神器大赏,庆祝西藏和平解放70周年大会,

2021-08-19,林允 狗仔大哥天天跟着我拍vlog嘛,杨倩全红婵商标注册申请被依法驳回,禁止热饭公司员工发声,苏炳添与七匹狼签约代言,孟子义嗑到真的了,五星连珠,李钟硕说玩偶长得像金宇彬,塔利班宣布成立阿富汗伊斯兰酋长国,东部战区军演震动台湾,恒大集团被约谈,女生千万不要买的鞋,AI换脸后的于正,撒贝宁复刻大学毕业找工作穿着,Girls Planet 999,日本疫情恶化已难以遏制,2女童坐车顶司机淡定开车打电话,95花都在比着谈恋爱吗,8岁男孩一个月教科书灭火两次,睡眠软件凌晨录到不明声音,老人故意把杯子放电梯口致故障冒烟,刘国强一审被控受贿3.5亿余元,李东海接种疫苗后身体动不了,赵又廷喊李易峰峰哥,陈伟霆说自己的奥特曼发脾气了,陈小春答错题后的反应,肖战发博晒囤货自拍,95花事业心,RNG和LNG比赛还没开始,嗯的读音是ng,法拉利车主追尾后威胁对方要你的命,美国炮制孟晚舟事件不是出于法律原因,梁靖康演的理工男,丁真的十年之约,苹果将在中国生产AirPods3,阿富汗知名女主播被禁止参加工作,刘诗雯连麦,懒对一个人的影响有多大,心动的信号4观后感,日本单日新增确诊近2.4万,原来我很爱你收官,全国新冠疫苗接种剂次超19亿,圆脸微醺奶醉妆,鸡腿腿冰淇淋,广州暴雨,郑州暴雨预警高架停满私家车,管泽元的预测,张予曦谈如何看待cp感,没想到还有移动公共卫生间,成都要让在家看雪山成为常态,四六级成绩什么时候出,

2021-08-19,千叶真一去世,中秋放假3天需调休,阿富汗总统女儿在美国住豪宅,五星连珠,和商家聊天不能乱发表情包,塔利班领导人下令释放政治囚犯,沈月演技,薛梅尸体被发现,王曼昱喜欢易烊千玺,王祖蓝抱老婆人形立牌不撒手,林允 狗仔大哥天天跟着我拍vlog嘛,邓超晒与孙俪合照,恋爱pua有多可怕,北京暴雨溺水事件两位救人者同名同姓,四川8岁女孩水花消失术,原来马桶是醒花神器,3岁小孩失踪2天后出现在山顶,女生千万不要买的鞋,早上只喝水不吃饭会有什么危害,杨倩全红婵商标注册申请被依法驳回,李飞微博情绪,洪成成对马子佳说我很幸福,感受到中国邮政力量的瞬间,AI换脸后的于正,龚俊直播,扫黑风暴,微博情绪,国乒女队直播太好笑了,饭店趁客人喝醉偷偷加单,总台CGTN专访阿富汗塔利班发言人,机智的医生生活,硬糖少女INTO1互换手势,孙兴叫贺芸妈,余生请多指教四季概念篇预告,任嘉伦白鹿眼神拉丝,95花都在比着谈恋爱吗,人类高质量男性粉丝群月收费25000元,小车摄像头被新手司机贴鬼影照报复,塔利班宣布成立阿富汗伊斯兰酋长国,马子佳给洪成成道歉,李钟硕说玩偶长得像金宇彬,小鸟溜进高铁从呼市直达北京,我的身材还不如一只袋鼠,周生辰时宜在恋爱边缘疯狂试探,海南一越野车撞飞两骑车女子后逃逸,祖孙2人6000里隔空共餐,孟子义嗑到真的了,郑州人民应对暴雨有多努力,东部战区军演震动台湾,该不该对单恋的人太好,

